<application>
  <component name="CodeInsightSettings">
    <option name="AUTO_POPUP_COMPLETION_LOOKUP" value="false" />
    <option name="SMART_BACKSPACE" value="0" />
    <option name="REFORMAT_BLOCK_ON_RBRACE" value="false" />
  </component>
  <component name="DaemonCodeAnalyzerSettings" profile="N4" />
  <component name="DefaultFont">
    <option name="FONT_SIZE" value="11" />
    <option name="FONT_FAMILY" value="Victor Mono" />
    <option name="LINE_SPACING" value="1.1" />
    <option name="USE_LIGATURES" value="true" />
  </component>
  <component name="EditorSettings">
    <option name="USE_SOFT_WRAPS" value="CONSOLE" />
    <option name="IS_VIRTUAL_SPACE" value="true" />
    <option name="STRIP_TRAILING_SPACES" value="Whole" />
    <option name="IS_ENSURE_NEWLINE_AT_EOF" value="true" />
  </component>
  <component name="JavaCodeFoldingSettings">
    <option name="collapseConstructorGenericParameters" value="false" />
    <option name="collapseI18nMessages" value="false" />
    <option name="collapseLambdas" value="false" />
    <option name="collapseSuppressWarnings" value="false" />
  </component>
  <component name="TodoConfiguration">
    <pattern pattern="\btodo\b.*" />
    <pattern useCustomColors="true" pattern="\bfixme\b.*">
      <option name="FOREGROUND" value="c00c54" />
      <option name="FONT_TYPE" value="2" />
      <option name="ERROR_STRIPE_COLOR" value="977ab" />
    </pattern>
    <pattern useCustomColors="true" pattern="\bremoveme\b.*">
      <option name="FOREGROUND" value="c03439" />
      <option name="FONT_TYPE" value="2" />
      <option name="ERROR_STRIPE_COLOR" value="977ab" />
    </pattern>
    <pattern useCustomColors="true" pattern="\bdome\b.*">
      <option name="FOREGROUND" value="4cc04a" />
      <option name="FONT_TYPE" value="2" />
      <option name="ERROR_STRIPE_COLOR" value="977ab" />
    </pattern>
    <pattern useCustomColors="true" pattern="\btidyup\b.*">
      <option name="FOREGROUND" value="4aa4c0" />
      <option name="FONT_TYPE" value="2" />
      <option name="ERROR_STRIPE_COLOR" value="977ab" />
    </pattern>
    <pattern useCustomColors="true" pattern="\btodo s\b.*">
      <option name="FOREGROUND" value="c0619d" />
      <option name="FONT_TYPE" value="2" />
      <option name="ERROR_STRIPE_COLOR" value="977ab" />
    </pattern>
    <pattern useCustomColors="true" pattern="\btodo rafi\b.*">
      <option name="FOREGROUND" value="9c014" />
      <option name="FONT_TYPE" value="2" />
      <option name="ERROR_STRIPE_COLOR" value="977ab" />
    </pattern>
    <pattern useCustomColors="true" pattern="\brefactorme\b.*">
      <option name="FOREGROUND" value="b7c0" />
      <option name="FONT_TYPE" value="2" />
      <option name="ERROR_STRIPE_COLOR" value="977ab" />
    </pattern>
    <filter name="Remove Me">
      <pattern index="2" />
    </filter>
    <filter name="Mine">
      <pattern index="2" />
      <pattern index="3" />
      <pattern index="4" />
      <pattern index="7" />
    </filter>
    <filter name="TODO Sven">
      <pattern index="5" />
    </filter>
    <filter name="FIXME">
      <pattern index="1" />
    </filter>
    <filter name="Refactor Me">
      <pattern index="7" />
    </filter>
  </component>
  <component name="XmlFoldingSettings">
    <option name="COLLAPSE_HTML_STYLE_ATTRIBUTE" value="false" />
  </component>
</application>