<application>
  <component name="FileTypeManager" version="17">
    <extensionMap>
      <mapping pattern=".env.dev" type="PLAIN_TEXT" />
      <mapping ext="dev" type="PLAIN_TEXT" />
      <mapping ext="graphqls" type="PLAIN_TEXT" />
      <mapping ext="y" type="PLAIN_TEXT" />
      <removed_mapping ext="log" approved="true" type="PLAIN_TEXT" />
      <removed_mapping ext="bat" approved="true" type="PLAIN_TEXT" />
      <removed_mapping ext="cmd" approved="true" type="PLAIN_TEXT" />
      <mapping pattern="GetCalculatedRatesRequest.scala" type="Scala" />
      <removed_mapping ext="bat" approved="true" type="PLAIN_TEXT" />
      <removed_mapping ext="log" approved="true" type="PLAIN_TEXT" />
      <removed_mapping ext="dockerfile" approved="true" type="textmate" />
      <removed_mapping ext="makefile" approved="true" type="textmate" />
      <removed_mapping ext="cmd" approved="true" type="PLAIN_TEXT" />
      <removed_mapping ext="snakefile" approved="true" type="textmate" />
    </extensionMap>
  </component>
</application>