<application>
  <component name="LanguageInjectionConfiguration">
    <option name="INSTRUMENTATION" value="NONE" />
    <option name="LANGUAGE_ANNOTATION" value="org.intellij.lang.annotations.Language" />
    <option name="PATTERN_ANNOTATION" value="org.intellij.lang.annotations.Pattern" />
    <option name="SUBST_ANNOTATION" value="org.intellij.lang.annotations.Subst" />
    <option name="RESOLVE_REFERENCES" value="true" />
    <injection language="Groovy" injector-id="groovy">
      <display-name>GroovyShell (groovy.lang)</display-name>
      <place disabled="true"><![CDATA[groovyElement().methodCallParameter(0, psiMethod().withName("evaluate").withParameters("java.lang.String").definedInClass("groovy.lang.GroovyShell"))]]></place>
      <place disabled="true"><![CDATA[groovyElement().methodCallParameter(0, psiMethod().withName("evaluate").withParameters("java.lang.String", "java.lang.String").definedInClass("groovy.lang.GroovyShell"))]]></place>
      <place disabled="true"><![CDATA[groovyElement().methodCallParameter(0, psiMethod().withName("evaluate").withParameters("java.lang.String", "java.lang.String", "java.lang.String").definedInClass("groovy.lang.GroovyShell"))]]></place>
      <place disabled="true"><![CDATA[groovyElement().methodCallParameter(0, psiMethod().withName("parse").withParameters("java.lang.String").definedInClass("groovy.lang.GroovyShell"))]]></place>
      <place disabled="true"><![CDATA[groovyElement().methodCallParameter(0, psiMethod().withName("parse").withParameters("java.lang.String", "java.lang.String").definedInClass("groovy.lang.GroovyShell"))]]></place>
      <place disabled="true"><![CDATA[groovyElement().methodCallParameter(0, psiMethod().withName("run").withParameters("java.lang.String", "java.lang.String", "java.lang.String[]").definedInClass("groovy.lang.GroovyShell"))]]></place>
      <place disabled="true"><![CDATA[groovyElement().methodCallParameter(0, psiMethod().withName("run").withParameters("java.lang.String", "java.lang.String", "java.util.List").definedInClass("groovy.lang.GroovyShell"))]]></place>
    </injection>
    <injection language="RegExp" injector-id="groovy">
      <display-name>RegExp</display-name>
      <place disabled="true"><![CDATA[groovyLiteralExpression().regExpOperatorArgument()]]></place>
    </injection>
    <injection language="encoding-reference" injector-id="java">
      <display-name>Charset Name</display-name>
      <place disabled="true"><![CDATA[psiParameter().ofMethod(0, psiMethod().withName("forName").withParameters("java.lang.String").definedInClass("java.nio.charset.Charset"))]]></place>
      <place disabled="true"><![CDATA[psiParameter().ofMethod(0, psiMethod().withName("getBytes").withParameters("java.lang.String").definedInClass("java.lang.String"))]]></place>
      <place disabled="true"><![CDATA[psiParameter().ofMethod(0, psiMethod().withName("isSupported").withParameters("java.lang.String").definedInClass("java.nio.charset.Charset"))]]></place>
      <place disabled="true"><![CDATA[psiParameter().ofMethod(0, psiMethod().withName("setCharacterEncoding").withParameters("java.lang.String").definedInClass("javax.servlet.ServletResponse"))]]></place>
      <place disabled="true"><![CDATA[psiParameter().ofMethod(0, psiMethod().withName("toString").withParameters("java.lang.String").definedInClass("java.io.ByteArrayOutputStream"))]]></place>
      <place disabled="true"><![CDATA[psiParameter().ofMethod(1, psiMethod().withName("InputStreamReader").withParameters("java.io.InputStream", "java.lang.String").definedInClass("java.io.InputStreamReader"))]]></place>
      <place disabled="true"><![CDATA[psiParameter().ofMethod(1, psiMethod().withName("OutputStreamWriter").withParameters("java.io.OutputStream", "java.lang.String").definedInClass("java.io.OutputStreamWriter"))]]></place>
      <place disabled="true"><![CDATA[psiParameter().ofMethod(1, psiMethod().withName("PrintStream").withParameters("java.io.File", "java.lang.String").definedInClass("java.io.PrintStream"))]]></place>
      <place disabled="true"><![CDATA[psiParameter().ofMethod(1, psiMethod().withName("PrintStream").withParameters("java.lang.String", "java.lang.String").definedInClass("java.io.PrintStream"))]]></place>
      <place disabled="true"><![CDATA[psiParameter().ofMethod(1, psiMethod().withName("String").withParameters("byte[]", "java.lang.String").definedInClass("java.lang.String"))]]></place>
      <place disabled="true"><![CDATA[psiParameter().ofMethod(1, psiMethod().withName("createXMLEventReader").withParameters("java.io.InputStream", "java.lang.String").definedInClass("javax.xml.stream.XMLInputFactory"))]]></place>
      <place disabled="true"><![CDATA[psiParameter().ofMethod(1, psiMethod().withName("createXMLEventWriter").withParameters("java.io.OutputStream", "java.lang.String").definedInClass("javax.xml.stream.XMLInputFactory"))]]></place>
      <place disabled="true"><![CDATA[psiParameter().ofMethod(1, psiMethod().withName("createXMLStreamReader").withParameters("java.io.InputStream", "java.lang.String").definedInClass("javax.xml.stream.XMLInputFactory"))]]></place>
      <place disabled="true"><![CDATA[psiParameter().ofMethod(1, psiMethod().withName("createXMLStreamWriter").withParameters("java.io.OutputStream", "java.lang.String").definedInClass("javax.xml.stream.XMLInputFactory"))]]></place>
      <place disabled="true"><![CDATA[psiParameter().ofMethod(1, psiMethod().withName("decode").withParameters("java.lang.String", "java.lang.String").definedInClass("java.net.URLDecoder"))]]></place>
      <place disabled="true"><![CDATA[psiParameter().ofMethod(1, psiMethod().withName("encode").withParameters("java.lang.String", "java.lang.String").definedInClass("java.net.URLEncoder"))]]></place>
      <place disabled="true"><![CDATA[psiParameter().ofMethod(1, psiMethod().withName("newReader").withParameters("java.nio.channels.ReadableByteChannel", "java.lang.String").definedInClass("java.nio.channels.Channels"))]]></place>
      <place disabled="true"><![CDATA[psiParameter().ofMethod(1, psiMethod().withName("newWriter").withParameters("java.nio.channels.WritableByteChannel", "java.lang.String").definedInClass("java.nio.channels.Channels"))]]></place>
      <place disabled="true"><![CDATA[psiParameter().ofMethod(2, psiMethod().withName("PrintStream").withParameters("java.io.OutputStream", "boolean", "java.lang.String").definedInClass("java.io.PrintStream"))]]></place>
      <place disabled="true"><![CDATA[psiParameter().ofMethod(3, psiMethod().withName("String").withParameters("byte[]", "int", "int", "java.lang.String").definedInClass("java.lang.String"))]]></place>
    </injection>
    <injection language="Groovy" injector-id="java">
      <display-name>GroovyShell (groovy.lang)</display-name>
      <place disabled="true"><![CDATA[psiParameter().ofMethod(0, psiMethod().withName("evaluate").withParameters("java.lang.String").definedInClass("groovy.lang.GroovyShell"))]]></place>
      <place disabled="true"><![CDATA[psiParameter().ofMethod(0, psiMethod().withName("evaluate").withParameters("java.lang.String", "java.lang.String").definedInClass("groovy.lang.GroovyShell"))]]></place>
      <place disabled="true"><![CDATA[psiParameter().ofMethod(0, psiMethod().withName("evaluate").withParameters("java.lang.String", "java.lang.String", "java.lang.String").definedInClass("groovy.lang.GroovyShell"))]]></place>
      <place disabled="true"><![CDATA[psiParameter().ofMethod(0, psiMethod().withName("parse").withParameters("java.lang.String").definedInClass("groovy.lang.GroovyShell"))]]></place>
      <place disabled="true"><![CDATA[psiParameter().ofMethod(0, psiMethod().withName("parse").withParameters("java.lang.String", "java.lang.String").definedInClass("groovy.lang.GroovyShell"))]]></place>
      <place disabled="true"><![CDATA[psiParameter().ofMethod(0, psiMethod().withName("run").withParameters("java.lang.String", "java.lang.String", "java.lang.String[]").definedInClass("groovy.lang.GroovyShell"))]]></place>
      <place disabled="true"><![CDATA[psiParameter().ofMethod(0, psiMethod().withName("run").withParameters("java.lang.String", "java.lang.String", "java.util.List").definedInClass("groovy.lang.GroovyShell"))]]></place>
    </injection>
    <injection language="XPath" injector-id="java">
      <display-name>Node.createXPath (org.dom4j)</display-name>
      <place disabled="true"><![CDATA[psiParameter().ofMethod(0, psiMethod().withName("createXPath").withParameters("java.lang.String").definedInClass("org.dom4j.Node"))]]></place>
    </injection>
    <injection language="XPath" injector-id="java">
      <display-name>Node.selectNodes (org.dom4j)</display-name>
      <place disabled="true"><![CDATA[psiParameter().ofMethod(0, psiMethod().withName("selectNodes").withParameters("java.lang.String").definedInClass("org.dom4j.Node"))]]></place>
    </injection>
    <injection language="XPath" injector-id="java">
      <display-name>Node.selectSingleNode (org.dom4j)</display-name>
      <place disabled="true"><![CDATA[psiParameter().ofMethod(0, psiMethod().withName("selectSingleNode").withParameters("java.lang.String").definedInClass("org.dom4j.Node"))]]></place>
    </injection>
    <injection language="RegExp" injector-id="java">
      <display-name>Path.value (javax.ws.rs)</display-name>
      <value-pattern>[^:]*:[\s]*([^\}]*)</value-pattern>
      <place disabled="true"><![CDATA[psiParameter().ofMethod(0, psiMethod().withName("value").withParameters().definedInClass("javax.ws.rs.Path"))]]></place>
    </injection>
    <injection language="RegExp" injector-id="java">
      <display-name>Pattern (java.util.regex)</display-name>
      <place disabled="true"><![CDATA[psiParameter().ofMethod(0, psiMethod().withName("compile").withParameters("java.lang.String").definedInClass("java.util.regex.Pattern"))]]></place>
      <place disabled="true"><![CDATA[psiParameter().ofMethod(0, psiMethod().withName("compile").withParameters("java.lang.String", "int").definedInClass("java.util.regex.Pattern"))]]></place>
      <place disabled="true"><![CDATA[psiParameter().ofMethod(0, psiMethod().withName("matches").withParameters("java.lang.String", "java.lang.CharSequence").definedInClass("java.util.regex.Pattern"))]]></place>
    </injection>
    <injection language="RegExp" injector-id="java">
      <display-name>Pattern.regexp (javax.validation.constraints)</display-name>
      <place disabled="true"><![CDATA[psiMethod().withName("regexp").withParameters().definedInClass("javax.validation.constraints.Pattern")]]></place>
    </injection>
    <injection language="RegExp" injector-id="java">
      <display-name>Scanner (java.util)</display-name>
      <place disabled="true"><![CDATA[psiParameter().ofMethod(0, psiMethod().withName("findInLine").withParameters("java.lang.String").definedInClass("java.util.Scanner"))]]></place>
      <place disabled="true"><![CDATA[psiParameter().ofMethod(0, psiMethod().withName("findWithinHorizon").withParameters("java.lang.String", "int").definedInClass("java.util.Scanner"))]]></place>
      <place disabled="true"><![CDATA[psiParameter().ofMethod(0, psiMethod().withName("hasNext").withParameters("java.lang.String").definedInClass("java.util.Scanner"))]]></place>
      <place disabled="true"><![CDATA[psiParameter().ofMethod(0, psiMethod().withName("next").withParameters("java.lang.String").definedInClass("java.util.Scanner"))]]></place>
      <place disabled="true"><![CDATA[psiParameter().ofMethod(0, psiMethod().withName("skip").withParameters("java.lang.String").definedInClass("java.util.Scanner"))]]></place>
      <place disabled="true"><![CDATA[psiParameter().ofMethod(0, psiMethod().withName("useDelimiter").withParameters("java.lang.String").definedInClass("java.util.Scanner"))]]></place>
    </injection>
    <injection language="RegExp" injector-id="java">
      <display-name>String (java.lang)</display-name>
      <place disabled="true"><![CDATA[psiParameter().ofMethod(0, psiMethod().withName("matches").withParameters("java.lang.String").definedInClass("java.lang.String"))]]></place>
      <place disabled="true"><![CDATA[psiParameter().ofMethod(0, psiMethod().withName("replaceAll").withParameters("java.lang.String", "java.lang.String").definedInClass("java.lang.String"))]]></place>
      <place disabled="true"><![CDATA[psiParameter().ofMethod(0, psiMethod().withName("replaceFirst").withParameters("java.lang.String", "java.lang.String").definedInClass("java.lang.String"))]]></place>
      <place disabled="true"><![CDATA[psiParameter().ofMethod(0, psiMethod().withName("split").withParameters("java.lang.String").definedInClass("java.lang.String"))]]></place>
      <place disabled="true"><![CDATA[psiParameter().ofMethod(0, psiMethod().withName("split").withParameters("java.lang.String", "int").definedInClass("java.lang.String"))]]></place>
    </injection>
    <injection language="XPath" injector-id="java">
      <display-name>XPath (javax.xml.xpath)</display-name>
      <place disabled="true"><![CDATA[psiParameter().ofMethod(0, psiMethod().withName("compile").withParameters("java.lang.String").definedInClass("javax.xml.xpath.XPath"))]]></place>
      <place disabled="true"><![CDATA[psiParameter().ofMethod(0, psiMethod().withName("evaluate").withParameters("java.lang.String", "java.lang.Object").definedInClass("javax.xml.xpath.XPath"))]]></place>
      <place disabled="true"><![CDATA[psiParameter().ofMethod(0, psiMethod().withName("evaluate").withParameters("java.lang.String", "java.lang.Object", "javax.xml.namespace.QName").definedInClass("javax.xml.xpath.XPath"))]]></place>
      <place disabled="true"><![CDATA[psiParameter().ofMethod(0, psiMethod().withName("evaluate").withParameters("java.lang.String", "org.xml.sax.InputSource").definedInClass("javax.xml.xpath.XPath"))]]></place>
      <place disabled="true"><![CDATA[psiParameter().ofMethod(0, psiMethod().withName("evaluate").withParameters("java.lang.String", "org.xml.sax.InputSource", "javax.xml.namespace.QName").definedInClass("javax.xml.xpath.XPath"))]]></place>
    </injection>
    <injection language="XPath" injector-id="java">
      <display-name>XPath (org.jdom.xpath)</display-name>
      <place disabled="true"><![CDATA[psiParameter().ofMethod(0, psiMethod().withName("newInstance").withParameters("java.lang.String").definedInClass("org.jdom.xpath.XPath"))]]></place>
      <place disabled="true"><![CDATA[psiParameter().ofMethod(1, psiMethod().withName("selectNodes").withParameters("java.lang.Object", "java.lang.String").definedInClass("org.jdom.xpath.XPath"))]]></place>
      <place disabled="true"><![CDATA[psiParameter().ofMethod(1, psiMethod().withName("selectSingleNode").withParameters("java.lang.Object", "java.lang.String").definedInClass("org.jdom.xpath.XPath"))]]></place>
    </injection>
    <injection language="Groovy" injector-id="scala">
      <display-name>GroovyShell (groovy.lang)</display-name>
      <place disabled="true"><![CDATA[scalaLiteral().callArgument(0, psiMethod().withName("evaluate").withParameters("java.lang.String").definedInClass("groovy.lang.GroovyShell"))]]></place>
      <place disabled="true"><![CDATA[scalaLiteral().callArgument(0, psiMethod().withName("evaluate").withParameters("java.lang.String", "java.lang.String").definedInClass("groovy.lang.GroovyShell"))]]></place>
      <place disabled="true"><![CDATA[scalaLiteral().callArgument(0, psiMethod().withName("evaluate").withParameters("java.lang.String", "java.lang.String", "java.lang.String").definedInClass("groovy.lang.GroovyShell"))]]></place>
      <place disabled="true"><![CDATA[scalaLiteral().callArgument(0, psiMethod().withName("parse").withParameters("java.lang.String").definedInClass("groovy.lang.GroovyShell"))]]></place>
      <place disabled="true"><![CDATA[scalaLiteral().callArgument(0, psiMethod().withName("parse").withParameters("java.lang.String", "java.lang.String").definedInClass("groovy.lang.GroovyShell"))]]></place>
      <place disabled="true"><![CDATA[scalaLiteral().callArgument(0, psiMethod().withName("run").withParameters("java.lang.String", "java.lang.String", "java.lang.String[]").definedInClass("groovy.lang.GroovyShell"))]]></place>
      <place disabled="true"><![CDATA[scalaLiteral().callArgument(0, psiMethod().withName("run").withParameters("java.lang.String", "java.lang.String", "java.util.List").definedInClass("groovy.lang.GroovyShell"))]]></place>
    </injection>
    <injection language="XPath" injector-id="scala">
      <display-name>Node.createXPath (org.dom4j)</display-name>
      <place disabled="true"><![CDATA[scalaLiteral().callArgument(0, psiMethod().withName("createXPath").withParameters("java.lang.String").definedInClass("org.dom4j.Node"))]]></place>
    </injection>
    <injection language="XPath" injector-id="scala">
      <display-name>Node.selectNodes (org.dom4j)</display-name>
      <place disabled="true"><![CDATA[scalaLiteral().callArgument(0, psiMethod().withName("selectNodes").withParameters("java.lang.String").definedInClass("org.dom4j.Node"))]]></place>
    </injection>
    <injection language="XPath" injector-id="scala">
      <display-name>Node.selectSingleNode (org.dom4j)</display-name>
      <place disabled="true"><![CDATA[scalaLiteral().callArgument(0, psiMethod().withName("selectSingleNode").withParameters("java.lang.String").definedInClass("org.dom4j.Node"))]]></place>
    </injection>
    <injection language="RegExp" injector-id="scala">
      <display-name>Path.value (javax.ws.rs)</display-name>
      <value-pattern>[^:]*:[\s]*([^\}]*)</value-pattern>
      <place disabled="true"><![CDATA[scalaLiteral().callArgument(0, psiMethod().withName("value").withParameters().definedInClass("javax.ws.rs.Path"))]]></place>
    </injection>
    <injection language="RegExp" injector-id="scala">
      <display-name>Pattern (java.util.regex)</display-name>
      <place disabled="true"><![CDATA[scalaLiteral().callArgument(0, psiMethod().withName("compile").withParameters("java.lang.String").definedInClass("java.util.regex.Pattern"))]]></place>
      <place disabled="true"><![CDATA[scalaLiteral().callArgument(0, psiMethod().withName("compile").withParameters("java.lang.String", "int").definedInClass("java.util.regex.Pattern"))]]></place>
      <place disabled="true"><![CDATA[scalaLiteral().callArgument(0, psiMethod().withName("matches").withParameters("java.lang.String", "java.lang.CharSequence").definedInClass("java.util.regex.Pattern"))]]></place>
    </injection>
    <injection language="RegExp" injector-id="scala">
      <display-name>Pattern.regexp (javax.validation.constraints)</display-name>
      <place disabled="true"><![CDATA[scalaLiteral().callArgument(0, psiMethod().withName("regexp").withParameters().definedInClass("javax.validation.constraints.Pattern"))]]></place>
    </injection>
    <injection language="RegExp" injector-id="scala">
      <display-name>String (java.lang)</display-name>
      <place disabled="true"><![CDATA[scalaLiteral().callArgument(0, psiMethod().withName("replaceAll").withParameters("java.lang.String", "java.lang.String").definedInClass("java.lang.String"))]]></place>
      <place disabled="true"><![CDATA[scalaLiteral().callArgument(0, psiMethod().withName("replaceFirst").withParameters("java.lang.String", "java.lang.String").definedInClass("java.lang.String"))]]></place>
      <place disabled="true"><![CDATA[scalaLiteral().callArgument(0, psiMethod().withName("split").withParameters("java.lang.String").definedInClass("java.lang.String"))]]></place>
      <place disabled="true"><![CDATA[scalaLiteral().callArgument(0, psiMethod().withName("split").withParameters("java.lang.String", "int").definedInClass("java.lang.String"))]]></place>
    </injection>
    <injection language="RegExp" injector-id="scala">
      <display-name>String.r (scala)</display-name>
      <place disabled="true"><![CDATA[scalaLiteral().isRegExpLiteral()]]></place>
    </injection>
    <injection language="XPath" injector-id="scala">
      <display-name>XPath (javax.xml.xpath)</display-name>
      <place disabled="true"><![CDATA[scalaLiteral().callArgument(0, psiMethod().withName("compile").withParameters("java.lang.String").definedInClass("javax.xml.xpath.XPath"))]]></place>
      <place disabled="true"><![CDATA[scalaLiteral().callArgument(0, psiMethod().withName("evaluate").withParameters("java.lang.String", "java.lang.Object").definedInClass("javax.xml.xpath.XPath"))]]></place>
      <place disabled="true"><![CDATA[scalaLiteral().callArgument(0, psiMethod().withName("evaluate").withParameters("java.lang.String", "java.lang.Object", "javax.xml.namespace.QName").definedInClass("javax.xml.xpath.XPath"))]]></place>
      <place disabled="true"><![CDATA[scalaLiteral().callArgument(0, psiMethod().withName("evaluate").withParameters("java.lang.String", "org.xml.sax.InputSource").definedInClass("javax.xml.xpath.XPath"))]]></place>
      <place disabled="true"><![CDATA[scalaLiteral().callArgument(0, psiMethod().withName("evaluate").withParameters("java.lang.String", "org.xml.sax.InputSource", "javax.xml.namespace.QName").definedInClass("javax.xml.xpath.XPath"))]]></place>
    </injection>
    <injection language="XPath" injector-id="scala">
      <display-name>XPath (org.jdom.xpath)</display-name>
      <place disabled="true"><![CDATA[scalaLiteral().callArgument(0, psiMethod().withName("newInstance").withParameters("java.lang.String").definedInClass("org.jdom.xpath.XPath"))]]></place>
      <place disabled="true"><![CDATA[scalaLiteral().callArgument(1, psiMethod().withName("selectNodes").withParameters("java.lang.Object", "java.lang.String").definedInClass("org.jdom.xpath.XPath"))]]></place>
      <place disabled="true"><![CDATA[scalaLiteral().callArgument(1, psiMethod().withName("selectSingleNode").withParameters("java.lang.Object", "java.lang.String").definedInClass("org.jdom.xpath.XPath"))]]></place>
    </injection>
    <injection language="Groovy" injector-id="xml">
      <display-name>IntelliJ IDEA pattern</display-name>
      <place disabled="true"><![CDATA[xmlTag().withLocalName("pattern").inside(xmlTag().withLocalName("idea-plugin"))]]></place>
      <place disabled="true"><![CDATA[xmlTag().withLocalName("place").withParent(xmlTag().withLocalName("injection").withParent(xmlTag().withLocalName("component")))]]></place>
    </injection>
    <injection language="XPath" injector-id="xml">
      <display-name>JAXB attribute node</display-name>
      <place disabled="true"><![CDATA[xmlAttribute().withLocalName(string().equalTo("node")).withParent(xmlTag().withLocalName(string().equalTo("bindings")).withNamespace(string().equalTo("http://java.sun.com/xml/ns/jaxb")))]]></place>
    </injection>
    <injection language="RegExp" injector-id="xml">
      <display-name>element</display-name>
      <value-pattern>(.+)</value-pattern>
      <place disabled="true"><![CDATA[xmlTag().withLocalName(string().equalTo("element")).withNamespace(string().equalTo("http://jboss.org/xml/ns/javax/validation/mapping"))]]></place>
      <xpath-condition>@name='regexp'</xpath-condition>
    </injection>
    <injection language="XPath" injector-id="xml">
      <display-name>out|if|forEach|set|when/@select</display-name>
      <place disabled="true"><![CDATA[xmlAttribute().withLocalName(string().equalTo("select")).inside(xmlTag().withLocalName(string().oneOf("out", "if", "forEach", "set", "when")).withNamespace(string().equalTo("http://java.sun.com/jsp/jstl/xml")))]]></place>
    </injection>
  </component>
</application>