<application>
  <component name="IntentionManagerSettings">
    <ignoreAction name="Android/Create onClick event handler" />
    <ignoreAction name="Android/Extract dimension resource" />
    <ignoreAction name="Android/Extract string resource" />
    <ignoreAction name="Android/Override Resource in Other Configuration..." />
    <ignoreAction name="Annotations/Annotate overriding methods and their parameters" />
    <ignoreAction name="Annotations/Expand Annotation to Normal Form" />
    <ignoreAction name="Boolean/DeMorgan Law" />
    <ignoreAction name="Boolean/Expand Boolean" />
    <ignoreAction name="Boolean/Expand Boolean to multiple ifs" />
    <ignoreAction name="Boolean/Flip Comparison" />
    <ignoreAction name="Boolean/Negate Comparison" />
    <ignoreAction name="Boolean/Negate Conditional" />
    <ignoreAction name="Boolean/Remove Boolean Equality" />
    <ignoreAction name="Boolean/Replace Equality with Equals" />
    <ignoreAction name="Boolean/Replace Equality with Safe Equals" />
    <ignoreAction name="Boolean/Replace Equals with Equality" />
    <ignoreAction name="Boolean/Simplify boolean expression" />
    <ignoreAction name="Comments/Move Comment to Separate Line" />
    <ignoreAction name="Comments/Replace with Block Comment" />
    <ignoreAction name="Comments/Replace with End Of Line Comment" />
    <ignoreAction name="Concurrency/Convert to ThreadLocal" />
    <ignoreAction name="Concurrency/Convert to atomic" />
    <ignoreAction name="Conditional Operator/Flip Conditional" />
    <ignoreAction name="Conditional Operator/Remove Pointless Conditional" />
    <ignoreAction name="Conditional Operator/Replace Conditional with If Else" />
    <ignoreAction name="Conditional Operator/Replace If Else with Conditional" />
    <ignoreAction name="Control Flow/Add Annotation" />
    <ignoreAction name="Control Flow/Add Braces" />
    <ignoreAction name="Control Flow/Convert '.compareTo()' method to '.equals()' (may change semantics)" />
    <ignoreAction name="Control Flow/Create switch statement" />
    <ignoreAction name="Control Flow/Deannotate" />
    <ignoreAction name="Control Flow/Edit method contract" />
    <ignoreAction name="Control Flow/Extract If Condition" />
    <ignoreAction name="Control Flow/Extract While Loop Condition to Internal If Statement" />
    <ignoreAction name="Control Flow/Invert 'if' condition" />
    <ignoreAction name="Control Flow/Iterate" />
    <ignoreAction name="Control Flow/Merge Else If" />
    <ignoreAction name="Control Flow/Merge Equivalent Ifs to ORed Condition" />
    <ignoreAction name="Control Flow/Merge Nested Ifs to ANDed Condition" />
    <ignoreAction name="Control Flow/Merge Parallel Ifs" />
    <ignoreAction name="Control Flow/Remove Braces" />
    <ignoreAction name="Control Flow/Remove redundant 'else'" />
    <ignoreAction name="Control Flow/Replace Do While Loop with While Loop" />
    <ignoreAction name="Control Flow/Replace For Loop with While Loop" />
    <ignoreAction name="Control Flow/Replace For-each Loop with Indexed For Loop" />
    <ignoreAction name="Control Flow/Replace For-each Loop with Iterator For Loop" />
    <ignoreAction name="Control Flow/Replace For-each Loop with Optimized Indexed For Loop" />
    <ignoreAction name="Control Flow/Replace If with Switch" />
    <ignoreAction name="Control Flow/Replace Switch with If" />
    <ignoreAction name="Control Flow/Replace While Loop with Do While Loop" />
    <ignoreAction name="Control Flow/Reverse Direction of For Loop" />
    <ignoreAction name="Control Flow/Simplify If Else" />
    <ignoreAction name="Control Flow/Split Else If" />
    <ignoreAction name="Control Flow/Split If" />
    <ignoreAction name="Control Flow/Swap 'if' statements" />
    <ignoreAction name="Declaration/Add Array Creation Expression" />
    <ignoreAction name="Declaration/Add Javadoc" />
    <ignoreAction name="Declaration/Add Override Annotation" />
    <ignoreAction name="Declaration/Add Runtime Exception to Method Signature" />
    <ignoreAction name="Declaration/Assign Parameter to Field" />
    <ignoreAction name="Declaration/Bind Parameters to Fields" />
    <ignoreAction name="Declaration/Cast expression" />
    <ignoreAction name="Declaration/Change Variable Type to Type of Initializer" />
    <ignoreAction name="Declaration/Change class type parameter" />
    <ignoreAction name="Declaration/Check RegExp" />
    <ignoreAction name="Declaration/Choose Color" />
    <ignoreAction name="Declaration/Convert Color representation" />
    <ignoreAction name="Declaration/Convert Interface to Class" />
    <ignoreAction name="Declaration/Convert Method to Variable Argument Method" />
    <ignoreAction name="Declaration/Convert Variable Argument Parameter to Array Parameter" />
    <ignoreAction name="Declaration/Copy Abstract Method Implementation" />
    <ignoreAction name="Declaration/Create Local Var from instanceof Usage" />
    <ignoreAction name="Declaration/Create Test" />
    <ignoreAction name="Declaration/Create field for parameter" />
    <ignoreAction name="Declaration/Define params default value" />
    <ignoreAction name="Declaration/Expand lambda expression body to code block" />
    <ignoreAction name="Declaration/Generate delegated method with default parameter value" />
    <ignoreAction name="Declaration/Generate missed test methods" />
    <ignoreAction name="Declaration/Implement Abstract Method" />
    <ignoreAction name="Declaration/Implement abstract class or Interface" />
    <ignoreAction name="Declaration/Infer lambda parameter type" />
    <ignoreAction name="Declaration/Join Declaration and Assignment" />
    <ignoreAction name="Declaration/Make Type Generic" />
    <ignoreAction name="Declaration/Make method default" />
    <ignoreAction name="Declaration/Move assignment to field declaration" />
    <ignoreAction name="Declaration/Move initializer to constructor" />
    <ignoreAction name="Declaration/Move initializer to setUp method" />
    <ignoreAction name="Declaration/Push condition inside call" />
    <ignoreAction name="Declaration/Remove redundant types" />
    <ignoreAction name="Declaration/Replace Adapter Extension with Listener Implementation" />
    <ignoreAction name="Declaration/Replace Diamond with Explicit Type Arguments" />
    <ignoreAction name="Declaration/Replace implements with static import" />
    <ignoreAction name="Declaration/Replace lambda with anonymous class" />
    <ignoreAction name="Declaration/Replace method reference with lambda" />
    <ignoreAction name="Declaration/Replace with Java Style Array Declaration" />
    <ignoreAction name="Declaration/Split Declaration" />
    <ignoreAction name="Declaration/Split Declaration and Initialization" />
    <ignoreAction name="Declaration/Surround with try-with-resources block" />
    <ignoreAction name="Declaration/Unimplement Interface/Class" />
    <ignoreAction name="Declaration/Wrap Vararg Arguments with Explicit Array Creation" />
    <ignoreAction name="Groovy/Grab" />
    <ignoreAction name="Groovy/Closures/Make Closure Call Explicit" />
    <ignoreAction name="Groovy/Closures/Make Closure Call Implicit" />
    <ignoreAction name="Groovy/Closures/Replace Each With For-In" />
    <ignoreAction name="Groovy/Closures/Replace For-In With Each" />
    <ignoreAction name="Groovy/Comments/Replace With C-Style Comment" />
    <ignoreAction name="Groovy/Control Flow/Add constructor parameter for field" />
    <ignoreAction name="Groovy/Control Flow/DeMorgan's Law" />
    <ignoreAction name="Groovy/Control Flow/Expand Boolean" />
    <ignoreAction name="Groovy/Control Flow/Flip Comparison Operands" />
    <ignoreAction name="Groovy/Control Flow/Flip Conditional" />
    <ignoreAction name="Groovy/Control Flow/Flip Conjunction Operands" />
    <ignoreAction name="Groovy/Control Flow/Flip if statements" />
    <ignoreAction name="Groovy/Control Flow/Invert 'if' condition" />
    <ignoreAction name="Groovy/Control Flow/Merge Else If" />
    <ignoreAction name="Groovy/Control Flow/Merge Nested Ifs To ANDed Condition" />
    <ignoreAction name="Groovy/Control Flow/Negate Comparison" />
    <ignoreAction name="Groovy/Control Flow/Remove redundant 'else' keyword" />
    <ignoreAction name="Groovy/Control Flow/Replace ''?:'' with if else" />
    <ignoreAction name="Groovy/Control Flow/Replace if-statement with ternary operator" />
    <ignoreAction name="Groovy/Control Flow/Simplify Conditional Expression" />
    <ignoreAction name="Groovy/Control Flow/Split Else If" />
    <ignoreAction name="Groovy/Control Flow/Split into 2 if's" />
    <ignoreAction name="Groovy/Declaration/Create field for parameter" />
    <ignoreAction name="Groovy/Declaration/Declare explicit type" />
    <ignoreAction name="Groovy/Declaration/Groovy Introduce local variable" />
    <ignoreAction name="Groovy/Declaration/Implement abstract class or Interface" />
    <ignoreAction name="Groovy/Declaration/Make 'private'" />
    <ignoreAction name="Groovy/Declaration/Make 'protected'" />
    <ignoreAction name="Groovy/Declaration/Make 'public'" />
    <ignoreAction name="Groovy/Declaration/Remove explicit type declaration" />
    <ignoreAction name="Groovy/Expression conversions/Break string on '\n'" />
    <ignoreAction name="Groovy/Expression conversions/Cast to char" />
    <ignoreAction name="Groovy/Expression conversions/Convert GString To String" />
    <ignoreAction name="Groovy/Expression conversions/Convert Groovy native map to class instances" />
    <ignoreAction name="Groovy/Expression conversions/Convert Indexing Method To [] Form" />
    <ignoreAction name="Groovy/Expression conversions/Convert JUnit assertion to assert statement" />
    <ignoreAction name="Groovy/Expression conversions/Convert Java-Style Array Creation to Groovy Syntax" />
    <ignoreAction name="Groovy/Expression conversions/Convert String Concatenation to GString" />
    <ignoreAction name="Groovy/Expression conversions/Convert To Binary" />
    <ignoreAction name="Groovy/Expression conversions/Convert To Decimal" />
    <ignoreAction name="Groovy/Expression conversions/Convert To Hexadecimal" />
    <ignoreAction name="Groovy/Expression conversions/Convert To Octal" />
    <ignoreAction name="Groovy/Expression conversions/Convert [] Form To Index Method" />
    <ignoreAction name="Groovy/Expression conversions/Convert cast expression to safe cast expression" />
    <ignoreAction name="Groovy/Expression conversions/Convert literal to multiline literal" />
    <ignoreAction name="Groovy/Expression conversions/Convert method to property of closure type" />
    <ignoreAction name="Groovy/Expression conversions/Convert multiline string to single-line" />
    <ignoreAction name="Groovy/Expression conversions/Convert property to method" />
    <ignoreAction name="Groovy/Expression conversions/Convert simple getter to property" />
    <ignoreAction name="Groovy/Expression conversions/Convert string literal to dollar-slashy string" />
    <ignoreAction name="Groovy/Expression conversions/Convert string literal to regular expression" />
    <ignoreAction name="Groovy/Expression conversions/Move class to separate file" />
    <ignoreAction name="Groovy/Expression conversions/Remove Unnecessary Braces in GString" />
    <ignoreAction name="Groovy/Expression conversions/Remove Unnecessary Parentheses from Method Call" />
    <ignoreAction name="Groovy/Expression conversions/Remove unnecessary escape characters" />
    <ignoreAction name="Groovy/Expression conversions/Rename file to corresponding class name" />
    <ignoreAction name="Groovy/Expression conversions/Split Variable Declaration" />
    <ignoreAction name="Groovy/Groovy-style/Add On Demand Static Import in Groovy" />
    <ignoreAction name="Groovy/Groovy-style/Add Single-Member Static Import in Groovy" />
    <ignoreAction name="Groovy/Groovy-style/Add return type to method declaration" />
    <ignoreAction name="Groovy/Groovy-style/Change Java-style accessor invocation to Groovy-style property reference" />
    <ignoreAction name="Groovy/Groovy-style/Change anonymous class to dynamic instantiation" />
    <ignoreAction name="Groovy/Groovy-style/Convert method or closure parameters to map entries" />
    <ignoreAction name="Groovy/Groovy-style/Format braces in separate lines" />
    <ignoreAction name="Groovy/Groovy-style/Format closing closure braces in one line" />
    <ignoreAction name="Groovy/Groovy-style/Remove redundant .class" />
    <ignoreAction name="Groovy/Groovy-style/Remove unnecessary 'return' keyword" />
    <ignoreAction name="Groovy/Groovy-style/Remove unnecessary semicolons from selected text" />
    <ignoreAction name="Groovy/Other/Alias import statically imported member" />
    <ignoreAction name="Groovy/Other/Copy string concatenation text to clipboard" />
    <ignoreAction name="Groovy/Other/Create missing 'switch' branches" />
    <ignoreAction name="Groovy/Other/Sort map entries alphabetically" />
    <ignoreAction name="I18N/Annotate capitalization type" />
    <ignoreAction name="I18N/Convert to Basic Latin" />
    <ignoreAction name="I18N/Replace Concatenation with Formatted Output" />
    <ignoreAction name="Imports/Add On Demand Static Import" />
    <ignoreAction name="Imports/Add Single-Member Static Import" />
    <ignoreAction name="Imports/Expand Static Import" />
    <ignoreAction name="Imports/Replace On Demand Import with Single Class Imports" />
    <ignoreAction name="Imports/Replace Qualified Name with Import" />
    <ignoreAction name="JavaFX/Collapse tag to attribute" />
    <ignoreAction name="JavaFX/Expand attribute to tag" />
    <ignoreAction name="JUnit/Convert @DataPoint(s) annotation holder" />
    <ignoreAction name="JUnit/Convert JUnit3 Test Case to JUnit4" />
    <ignoreAction name="JUnit/Create JUnit Assertion" />
    <ignoreAction name="JUnit/Flip Assert Literal" />
    <ignoreAction name="JUnit/Replace assertEquals with assertTrue, assertFalse, or assertNull" />
    <ignoreAction name="JUnit/Replace assertTrue, assertFalse, or assertNull with assertEquals" />
    <ignoreAction name="Language Injection/Edit Injected Fragment" />
    <ignoreAction name="Language Injection/Edit Injection Settings" />
    <ignoreAction name="Language Injection/Inject language or reference" />
    <ignoreAction name="Language Injection/Un-inject Language/Reference" />
    <ignoreAction name="Modifiers/Make Package-Local" />
    <ignoreAction name="Modifiers/Make Private" />
    <ignoreAction name="Modifiers/Make Protected" />
    <ignoreAction name="Modifiers/Make Public" />
    <ignoreAction name="Numbers/Convert to Binary" />
    <ignoreAction name="Numbers/Convert to Decimal" />
    <ignoreAction name="Numbers/Convert to Hexadecimal" />
    <ignoreAction name="Numbers/Convert to Octal" />
    <ignoreAction name="Numbers/Convert to Plain" />
    <ignoreAction name="Numbers/Convert to Scientific Notation" />
    <ignoreAction name="Numbers/Underscores in numeric literals" />
    <ignoreAction name="Other/Add Clarifying Parentheses" />
    <ignoreAction name="Other/Break string on '\n'" />
    <ignoreAction name="Other/Compute Constant Value" />
    <ignoreAction name="Other/Compute Constant Value for Subexpression" />
    <ignoreAction name="Other/Convert absolute path to relative" />
    <ignoreAction name="Other/Convert relative path to absolute" />
    <ignoreAction name="Other/Create Enum Switch Branches" />
    <ignoreAction name="Other/Detail Exceptions" />
    <ignoreAction name="Other/Extract Increment" />
    <ignoreAction name="Other/Flip Binary Expression" />
    <ignoreAction name="Other/Flip Commutative Method Call" />
    <ignoreAction name="Other/Flip Setter Call(s)" />
    <ignoreAction name="Other/Make Call Chain Into Call Sequence" />
    <ignoreAction name="Other/Merge Nested Try Statements" />
    <ignoreAction name="Other/Merge Sequential Method Calls into Call Chain" />
    <ignoreAction name="Other/Remove Unnecessary Parentheses" />
    <ignoreAction name="Other/Replace Assert with If Statement" />
    <ignoreAction name="Other/Replace Assignment with Operator Assignment" />
    <ignoreAction name="Other/Replace Assignment with Postfix Expression" />
    <ignoreAction name="Other/Replace Catch Section with Throws Declaration" />
    <ignoreAction name="Other/Replace Exceptions in Throws Clause with Single More General Exception" />
    <ignoreAction name="Other/Replace If with Assert Statement" />
    <ignoreAction name="Other/Replace Octal Escape with Unicode Escape" />
    <ignoreAction name="Other/Replace Operator Assignment with Assignment" />
    <ignoreAction name="Other/Replace Operator Assignment with Postfix Expression" />
    <ignoreAction name="Other/Replace Postfix Expression with Assignment" />
    <ignoreAction name="Other/Replace Postfix Expression with Operator Assignment" />
    <ignoreAction name="Other/Replace Try-With-Resources with Try-Finally" />
    <ignoreAction name="Other/Replace Unicode Escape with Unescaped Character" />
    <ignoreAction name="Other/Replace cast with variable" />
    <ignoreAction name="Other/Split Multi-Catch into Separate Catch Blocks" />
    <ignoreAction name="Other/Split Try Statement with Multiple Resources" />
    <ignoreAction name="Other/Swap Method Call Arguments" />
    <ignoreAction name="Other/Use 'java.util.Objects.requireNonNull()' Expression" />
    <ignoreAction name="Refactorings/Encapsulate field" />
    <ignoreAction name="Refactorings/Introduce local variable" />
    <ignoreAction name="Scala/Add braces" />
    <ignoreAction name="Scala/Convert Implicit Bounds" />
    <ignoreAction name="Scala/Remove braces" />
    <ignoreAction name="Scala/Scala" />
    <ignoreAction name="Scala/Argument Conversion/Convert to argument in parentheses" />
    <ignoreAction name="Scala/Argument Conversion/Convert to block expression" />
    <ignoreAction name="Scala/Argument Conversion/Permute arguments" />
    <ignoreAction name="Scala/Argument Conversion/Use named arguments" />
    <ignoreAction name="Scala/Boolean/DeMorgan Law" />
    <ignoreAction name="Scala/Boolean/Expand Boolean" />
    <ignoreAction name="Scala/Boolean/Flip comparison in infix expression." />
    <ignoreAction name="Scala/Boolean/Flip comparison in method call expression." />
    <ignoreAction name="Scala/Boolean/Negate comparison" />
    <ignoreAction name="Scala/Boolean/Replace equals or equality in infix expression" />
    <ignoreAction name="Scala/Boolean/Replace equals or equality in method call expression" />
    <ignoreAction name="Scala/Boolean/Simplify boolean expression with a literal" />
    <ignoreAction name="Scala/Control flow/Invert If condition" />
    <ignoreAction name="Scala/Control flow/Merge Else If" />
    <ignoreAction name="Scala/Control flow/Merge equivalent Ifs to ORed condition" />
    <ignoreAction name="Scala/Control flow/Merge nested Ifs to ANDed condition" />
    <ignoreAction name="Scala/Control flow/Remove redundant Else" />
    <ignoreAction name="Scala/Control flow/Replace do while with while" />
    <ignoreAction name="Scala/Control flow/Replace while with do while" />
    <ignoreAction name="Scala/Control flow/Split Else If" />
    <ignoreAction name="Scala/Control flow/Split If" />
    <ignoreAction name="Scala/Expressions/Convert from infix expression" />
    <ignoreAction name="Scala/Expressions/Convert to infix expression" />
    <ignoreAction name="Scala/Expressions/Introduce explicit parameter" />
    <ignoreAction name="Scala/Expressions/Introduce implicit parameter" />
    <ignoreAction name="Scala/Expressions/Provide implicit conversion" />
    <ignoreAction name="Scala/Expressions/Remove unnecessary apply" />
    <ignoreAction name="Scala/Expressions/Remove unnecessary parentheses" />
    <ignoreAction name="Scala/Expressions/Replace type check with pattern matching" />
    <ignoreAction name="Scala/For Comprehension/Convert to curly braces" />
    <ignoreAction name="Scala/For Comprehension/Convert to desugared expression" />
    <ignoreAction name="Scala/For Comprehension/Convert to parentheses" />
    <ignoreAction name="Scala/Format/Convert to formatted string" />
    <ignoreAction name="Scala/Format/Convert to interpolated string" />
    <ignoreAction name="Scala/Format/Convert to string concatenation" />
    <ignoreAction name="Scala/Import/Import additional identifiers" />
    <ignoreAction name="Scala/Import/Import all members" />
    <ignoreAction name="Scala/Import/Import member with stable path" />
    <ignoreAction name="Scala/Pattern Matching/Convert to typed pattern" />
    <ignoreAction name="Scala/Pattern Matching/Expand to Constructor pattern" />
    <ignoreAction name="Scala/Pattern Matching/Generate case clauses" />
    <ignoreAction name="Scala/Recursion/Recursion" />
    <ignoreAction name="Scala/String/Add .replace(&quot;\r&quot;,&quot;&quot;)" />
    <ignoreAction name="Scala/String/Add .stripMargin" />
    <ignoreAction name="Scala/String/Insert gap" />
    <ignoreAction name="Scala/String/Regular/Multi-line String conversion" />
    <ignoreAction name="Scala/Type/Adjust types" />
    <ignoreAction name="Scala/Type/Convert to Java collection" />
    <ignoreAction name="Scala/Type/Convert to Scala collection" />
    <ignoreAction name="Scala/Type/Toggle Type Annotation" />
    <ignoreAction name="Scala/Type/Use Infix Type Syntax" />
    <ignoreAction name="Scala/Type/Use Prefix Type Syntax" />
    <ignoreAction name="Shift Operation/Replace Multiply with Shift" />
    <ignoreAction name="Shift Operation/Replace Shift with Multiply" />
    <ignoreAction name="Strings/Copy String Concatenation Text to the Clipboard" />
    <ignoreAction name="Strings/Fix Character Literal" />
    <ignoreAction name="Strings/Join Concatenated String Literals" />
    <ignoreAction name="Strings/Replace + with StringBuilder.append()" />
    <ignoreAction name="Strings/Replace Char with String" />
    <ignoreAction name="Strings/Replace String Concatenation with String.format()" />
    <ignoreAction name="Strings/Replace String with Char" />
    <ignoreAction name="XML/Add Xsi schema location for external resource" />
    <ignoreAction name="XML/Choose Color" />
    <ignoreAction name="XML/Fetch external resource" />
    <ignoreAction name="XML/Insert Namespace Prefix" />
    <ignoreAction name="XML/Manually setup external resource" />
    <ignoreAction name="XML/Set Namespace Prefix to Empty" />
    <ignoreAction name="XML/Split current tag" />
    <ignoreAction name="XSLT/Add optional Argument(s)" />
    <ignoreAction name="XSLT/Convert if to choose" />
    <ignoreAction name="XSLT/Inline xsl:attribute" />
    <ignoreAction name="XSLT/Replace with xsl:attribute" />
  </component>
</application>