<profile version="1.0">
  <option name="myName" value="N4" />
  <inspection_tool class="AccessStaticViaInstance" enabled="false" level="WARNING" enabled_by_default="false" />
  <inspection_tool class="AccessorLikeMethodIsEmptyParen" enabled="false" level="WARNING" enabled_by_default="false" />
  <inspection_tool class="AccessorLikeMethodIsUnit" enabled="false" level="WARNING" enabled_by_default="false" />
  <inspection_tool class="AndroidDomInspection" enabled="false" level="ERROR" enabled_by_default="false" />
  <inspection_tool class="AndroidElementNotAllowed" enabled="false" level="WARNING" enabled_by_default="false" />
  <inspection_tool class="AndroidLintAaptCrash" enabled="false" level="ERROR" enabled_by_default="false" />
  <inspection_tool class="AndroidLintAccidentalOctal" enabled="false" level="ERROR" enabled_by_default="false" />
  <inspection_tool class="AndroidLintAdapterViewChildren" enabled="false" level="WARNING" enabled_by_default="false" />
  <inspection_tool class="AndroidLintAddJavascriptInterface" enabled="false" level="WARNING" enabled_by_default="false" />
  <inspection_tool class="AndroidLintAllowBackup" enabled="false" level="WARNING" enabled_by_default="false" />
  <inspection_tool class="AndroidLintAlwaysShowAction" enabled="false" level="WARNING" enabled_by_default="false" />
  <inspection_tool class="AndroidLintAppCompatMethod" enabled="false" level="WARNING" enabled_by_default="false" />
  <inspection_tool class="AndroidLintAppCompatResource" enabled="false" level="ERROR" enabled_by_default="false" />
  <inspection_tool class="AndroidLintAssert" enabled="false" level="WARNING" enabled_by_default="false" />
  <inspection_tool class="AndroidLintButtonCase" enabled="false" level="WARNING" enabled_by_default="false" />
  <inspection_tool class="AndroidLintButtonOrder" enabled="false" level="WARNING" enabled_by_default="false" />
  <inspection_tool class="AndroidLintButtonStyle" enabled="false" level="WARNING" enabled_by_default="false" />
  <inspection_tool class="AndroidLintByteOrderMark" enabled="false" level="ERROR" enabled_by_default="false" />
  <inspection_tool class="AndroidLintCommitPrefEdits" enabled="false" level="WARNING" enabled_by_default="false" />
  <inspection_tool class="AndroidLintCommitTransaction" enabled="false" level="WARNING" enabled_by_default="false" />
  <inspection_tool class="AndroidLintContentDescription" enabled="false" level="WARNING" enabled_by_default="false" />
  <inspection_tool class="AndroidLintCustomViewStyleable" enabled="false" level="WARNING" enabled_by_default="false" />
  <inspection_tool class="AndroidLintCutPasteId" enabled="false" level="WARNING" enabled_by_default="false" />
  <inspection_tool class="AndroidLintDeprecated" enabled="false" level="WARNING" enabled_by_default="false" />
  <inspection_tool class="AndroidLintDeviceAdmin" enabled="false" level="WARNING" enabled_by_default="false" />
  <inspection_tool class="AndroidLintDisableBaselineAlignment" enabled="false" level="WARNING" enabled_by_default="false" />
  <inspection_tool class="AndroidLintDrawAllocation" enabled="false" level="WARNING" enabled_by_default="false" />
  <inspection_tool class="AndroidLintDuplicateActivity" enabled="false" level="ERROR" enabled_by_default="false" />
  <inspection_tool class="AndroidLintDuplicateDefinition" enabled="false" level="ERROR" enabled_by_default="false" />
  <inspection_tool class="AndroidLintDuplicateIds" enabled="false" level="ERROR" enabled_by_default="false" />
  <inspection_tool class="AndroidLintDuplicateIncludedIds" enabled="false" level="WARNING" enabled_by_default="false" />
  <inspection_tool class="AndroidLintDuplicateUsesFeature" enabled="false" level="WARNING" enabled_by_default="false" />
  <inspection_tool class="AndroidLintEnforceUTF8" enabled="false" level="ERROR" enabled_by_default="false" />
  <inspection_tool class="AndroidLintExportedContentProvider" enabled="false" level="WARNING" enabled_by_default="false" />
  <inspection_tool class="AndroidLintExportedPreferenceActivity" enabled="false" level="WARNING" enabled_by_default="false" />
  <inspection_tool class="AndroidLintExportedReceiver" enabled="false" level="WARNING" enabled_by_default="false" />
  <inspection_tool class="AndroidLintExportedService" enabled="false" level="WARNING" enabled_by_default="false" />
  <inspection_tool class="AndroidLintExtraText" enabled="false" level="WARNING" enabled_by_default="false" />
  <inspection_tool class="AndroidLintExtraTranslation" enabled="false" level="ERROR" enabled_by_default="false" />
  <inspection_tool class="AndroidLintGetInstance" enabled="false" level="WARNING" enabled_by_default="false" />
  <inspection_tool class="AndroidLintGifUsage" enabled="false" level="WARNING" enabled_by_default="false" />
  <inspection_tool class="AndroidLintGradleCompatible" enabled="false" level="ERROR" enabled_by_default="false" />
  <inspection_tool class="AndroidLintGradleCompatiblePlugin" enabled="false" level="ERROR" enabled_by_default="false" />
  <inspection_tool class="AndroidLintGradleDependency" enabled="false" level="WARNING" enabled_by_default="false" />
  <inspection_tool class="AndroidLintGradleDeprecated" enabled="false" level="WARNING" enabled_by_default="false" />
  <inspection_tool class="AndroidLintGradleDynamicVersion" enabled="false" level="WARNING" enabled_by_default="false" />
  <inspection_tool class="AndroidLintGradleGetter" enabled="false" level="ERROR" enabled_by_default="false" />
  <inspection_tool class="AndroidLintGradleIdeError" enabled="false" level="ERROR" enabled_by_default="false" />
  <inspection_tool class="AndroidLintGradleOverrides" enabled="false" level="WARNING" enabled_by_default="false" />
  <inspection_tool class="AndroidLintGradlePath" enabled="false" level="WARNING" enabled_by_default="false" />
  <inspection_tool class="AndroidLintGrantAllUris" enabled="false" level="WARNING" enabled_by_default="false" />
  <inspection_tool class="AndroidLintGridLayout" enabled="false" level="ERROR" enabled_by_default="false" />
  <inspection_tool class="AndroidLintHandlerLeak" enabled="false" level="WARNING" enabled_by_default="false" />
  <inspection_tool class="AndroidLintHardcodedDebugMode" enabled="false" level="ERROR" enabled_by_default="false" />
  <inspection_tool class="AndroidLintHardcodedText" enabled="false" level="WARNING" enabled_by_default="false" />
  <inspection_tool class="AndroidLintIconColors" enabled="false" level="WARNING" enabled_by_default="false" />
  <inspection_tool class="AndroidLintIconDensities" enabled="false" level="WARNING" enabled_by_default="false" />
  <inspection_tool class="AndroidLintIconDipSize" enabled="false" level="WARNING" enabled_by_default="false" />
  <inspection_tool class="AndroidLintIconDuplicates" enabled="false" level="WARNING" enabled_by_default="false" />
  <inspection_tool class="AndroidLintIconDuplicatesConfig" enabled="false" level="WARNING" enabled_by_default="false" />
  <inspection_tool class="AndroidLintIconExtension" enabled="false" level="WARNING" enabled_by_default="false" />
  <inspection_tool class="AndroidLintIconLauncherShape" enabled="false" level="WARNING" enabled_by_default="false" />
  <inspection_tool class="AndroidLintIconLocation" enabled="false" level="WARNING" enabled_by_default="false" />
  <inspection_tool class="AndroidLintIconMissingDensityFolder" enabled="false" level="WARNING" enabled_by_default="false" />
  <inspection_tool class="AndroidLintIconMixedNinePatch" enabled="false" level="WARNING" enabled_by_default="false" />
  <inspection_tool class="AndroidLintIconNoDpi" enabled="false" level="WARNING" enabled_by_default="false" />
  <inspection_tool class="AndroidLintIconXmlAndPng" enabled="false" level="WARNING" enabled_by_default="false" />
  <inspection_tool class="AndroidLintIllegalResourceRef" enabled="false" level="WARNING" enabled_by_default="false" />
  <inspection_tool class="AndroidLintImpliedQuantity" enabled="false" level="ERROR" enabled_by_default="false" />
  <inspection_tool class="AndroidLintInOrMmUsage" enabled="false" level="WARNING" enabled_by_default="false" />
  <inspection_tool class="AndroidLintIncludeLayoutParam" enabled="false" level="ERROR" enabled_by_default="false" />
  <inspection_tool class="AndroidLintInconsistentArrays" enabled="false" level="WARNING" enabled_by_default="false" />
  <inspection_tool class="AndroidLintInconsistentLayout" enabled="false" level="WARNING" enabled_by_default="false" />
  <inspection_tool class="AndroidLintInefficientWeight" enabled="false" level="WARNING" enabled_by_default="false" />
  <inspection_tool class="AndroidLintInflateParams" enabled="false" level="WARNING" enabled_by_default="false" />
  <inspection_tool class="AndroidLintInlinedApi" enabled="false" level="WARNING" enabled_by_default="false" />
  <inspection_tool class="AndroidLintInnerclassSeparator" enabled="false" level="WARNING" enabled_by_default="false" />
  <inspection_tool class="AndroidLintInvalidId" enabled="false" level="ERROR" enabled_by_default="false" />
  <inspection_tool class="AndroidLintInvalidResourceFolder" enabled="false" level="ERROR" enabled_by_default="false" />
  <inspection_tool class="AndroidLintJavascriptInterface" enabled="false" level="ERROR" enabled_by_default="false" />
  <inspection_tool class="AndroidLintLabelFor" enabled="false" level="WARNING" enabled_by_default="false" />
  <inspection_tool class="AndroidLintLibraryCustomView" enabled="false" level="ERROR" enabled_by_default="false" />
  <inspection_tool class="AndroidLintLocalSuppress" enabled="false" level="ERROR" enabled_by_default="false" />
  <inspection_tool class="AndroidLintLocaleFolder" enabled="false" level="WARNING" enabled_by_default="false" />
  <inspection_tool class="AndroidLintLogTagMismatch" enabled="false" level="ERROR" enabled_by_default="false" />
  <inspection_tool class="AndroidLintLongLogTag" enabled="false" level="ERROR" enabled_by_default="false" />
  <inspection_tool class="AndroidLintManifestOrder" enabled="false" level="WARNING" enabled_by_default="false" />
  <inspection_tool class="AndroidLintMenuTitle" enabled="false" level="ERROR" enabled_by_default="false" />
  <inspection_tool class="AndroidLintMergeRootFrame" enabled="false" level="WARNING" enabled_by_default="false" />
  <inspection_tool class="AndroidLintMipmapIcons" enabled="false" level="WARNING" enabled_by_default="false" />
  <inspection_tool class="AndroidLintMissingApplicationIcon" enabled="false" level="WARNING" enabled_by_default="false" />
  <inspection_tool class="AndroidLintMissingId" enabled="false" level="WARNING" enabled_by_default="false" />
  <inspection_tool class="AndroidLintMissingPrefix" enabled="false" level="ERROR" enabled_by_default="false" />
  <inspection_tool class="AndroidLintMissingQuantity" enabled="false" level="ERROR" enabled_by_default="false" />
  <inspection_tool class="AndroidLintMissingSuperCall" enabled="false" level="WARNING" enabled_by_default="false" />
  <inspection_tool class="AndroidLintMissingTranslation" enabled="false" level="ERROR" enabled_by_default="false" />
  <inspection_tool class="AndroidLintMissingVersion" enabled="false" level="WARNING" enabled_by_default="false" />
  <inspection_tool class="AndroidLintMockLocation" enabled="false" level="ERROR" enabled_by_default="false" />
  <inspection_tool class="AndroidLintMultipleUsesSdk" enabled="false" level="ERROR" enabled_by_default="false" />
  <inspection_tool class="AndroidLintNestedScrolling" enabled="false" level="WARNING" enabled_by_default="false" />
  <inspection_tool class="AndroidLintNestedWeights" enabled="false" level="WARNING" enabled_by_default="false" />
  <inspection_tool class="AndroidLintNewApi" enabled="false" level="ERROR" enabled_by_default="false" />
  <inspection_tool class="AndroidLintNfcTechWhitespace" enabled="false" level="ERROR" enabled_by_default="false" />
  <inspection_tool class="AndroidLintNotSibling" enabled="false" level="ERROR" enabled_by_default="false" />
  <inspection_tool class="AndroidLintObsoleteLayoutParam" enabled="false" level="WARNING" enabled_by_default="false" />
  <inspection_tool class="AndroidLintOldTargetApi" enabled="false" level="WARNING" enabled_by_default="false" />
  <inspection_tool class="AndroidLintOrientation" enabled="false" level="ERROR" enabled_by_default="false" />
  <inspection_tool class="AndroidLintOverdraw" enabled="false" level="WARNING" enabled_by_default="false" />
  <inspection_tool class="AndroidLintOverride" enabled="false" level="ERROR" enabled_by_default="false" />
  <inspection_tool class="AndroidLintOverrideAbstract" enabled="false" level="ERROR" enabled_by_default="false" />
  <inspection_tool class="AndroidLintPackagedPrivateKey" enabled="false" level="ERROR" enabled_by_default="false" />
  <inspection_tool class="AndroidLintParcelCreator" enabled="false" level="WARNING" enabled_by_default="false" />
  <inspection_tool class="AndroidLintPluralsCandidate" enabled="false" level="WARNING" enabled_by_default="false" />
  <inspection_tool class="AndroidLintPrivateResource" enabled="false" level="ERROR" enabled_by_default="false" />
  <inspection_tool class="AndroidLintProguard" enabled="false" level="ERROR" enabled_by_default="false" />
  <inspection_tool class="AndroidLintProguardSplit" enabled="false" level="WARNING" enabled_by_default="false" />
  <inspection_tool class="AndroidLintPropertyEscape" enabled="false" level="ERROR" enabled_by_default="false" />
  <inspection_tool class="AndroidLintProtectedPermissions" enabled="false" level="ERROR" enabled_by_default="false" />
  <inspection_tool class="AndroidLintPxUsage" enabled="false" level="WARNING" enabled_by_default="false" />
  <inspection_tool class="AndroidLintRecycle" enabled="false" level="WARNING" enabled_by_default="false" />
  <inspection_tool class="AndroidLintReferenceType" enabled="false" level="ERROR" enabled_by_default="false" />
  <inspection_tool class="AndroidLintRegistered" enabled="false" level="WARNING" enabled_by_default="false" />
  <inspection_tool class="AndroidLintRelativeOverlap" enabled="false" level="WARNING" enabled_by_default="false" />
  <inspection_tool class="AndroidLintRequiredSize" enabled="false" level="ERROR" enabled_by_default="false" />
  <inspection_tool class="AndroidLintResAuto" enabled="false" level="ERROR" enabled_by_default="false" />
  <inspection_tool class="AndroidLintResourceAsColor" enabled="false" level="ERROR" enabled_by_default="false" />
  <inspection_tool class="AndroidLintResourceCycle" enabled="false" level="ERROR" enabled_by_default="false" />
  <inspection_tool class="AndroidLintResourceName" enabled="false" level="ERROR" enabled_by_default="false" />
  <inspection_tool class="AndroidLintRtlCompat" enabled="false" level="ERROR" enabled_by_default="false" />
  <inspection_tool class="AndroidLintRtlEnabled" enabled="false" level="WARNING" enabled_by_default="false" />
  <inspection_tool class="AndroidLintRtlHardcoded" enabled="false" level="WARNING" enabled_by_default="false" />
  <inspection_tool class="AndroidLintRtlSymmetry" enabled="false" level="WARNING" enabled_by_default="false" />
  <inspection_tool class="AndroidLintScrollViewCount" enabled="false" level="WARNING" enabled_by_default="false" />
  <inspection_tool class="AndroidLintScrollViewSize" enabled="false" level="WARNING" enabled_by_default="false" />
  <inspection_tool class="AndroidLintSdCardPath" enabled="false" level="WARNING" enabled_by_default="false" />
  <inspection_tool class="AndroidLintServiceCast" enabled="false" level="ERROR" enabled_by_default="false" />
  <inspection_tool class="AndroidLintSetJavaScriptEnabled" enabled="false" level="WARNING" enabled_by_default="false" />
  <inspection_tool class="AndroidLintShowToast" enabled="false" level="WARNING" enabled_by_default="false" />
  <inspection_tool class="AndroidLintSignatureOrSystemPermissions" enabled="false" level="WARNING" enabled_by_default="false" />
  <inspection_tool class="AndroidLintSimpleDateFormat" enabled="false" level="WARNING" enabled_by_default="false" />
  <inspection_tool class="AndroidLintSmallSp" enabled="false" level="WARNING" enabled_by_default="false" />
  <inspection_tool class="AndroidLintSpUsage" enabled="false" level="WARNING" enabled_by_default="false" />
  <inspection_tool class="AndroidLintStateListReachable" enabled="false" level="WARNING" enabled_by_default="false" />
  <inspection_tool class="AndroidLintStringFormatCount" enabled="false" level="WARNING" enabled_by_default="false" />
  <inspection_tool class="AndroidLintStringFormatInvalid" enabled="false" level="ERROR" enabled_by_default="false" />
  <inspection_tool class="AndroidLintStringFormatMatches" enabled="false" level="ERROR" enabled_by_default="false" />
  <inspection_tool class="AndroidLintStringShouldBeInt" enabled="false" level="ERROR" enabled_by_default="false" />
  <inspection_tool class="AndroidLintSuspicious0dp" enabled="false" level="ERROR" enabled_by_default="false" />
  <inspection_tool class="AndroidLintSuspiciousImport" enabled="false" level="WARNING" enabled_by_default="false" />
  <inspection_tool class="AndroidLintTextFields" enabled="false" level="WARNING" enabled_by_default="false" />
  <inspection_tool class="AndroidLintTextViewEdits" enabled="false" level="WARNING" enabled_by_default="false" />
  <inspection_tool class="AndroidLintTooDeepLayout" enabled="false" level="WARNING" enabled_by_default="false" />
  <inspection_tool class="AndroidLintTooManyViews" enabled="false" level="WARNING" enabled_by_default="false" />
  <inspection_tool class="AndroidLintTypographyDashes" enabled="false" level="WARNING" enabled_by_default="false" />
  <inspection_tool class="AndroidLintTypographyEllipsis" enabled="false" level="WARNING" enabled_by_default="false" />
  <inspection_tool class="AndroidLintTypographyFractions" enabled="false" level="WARNING" enabled_by_default="false" />
  <inspection_tool class="AndroidLintTypographyOther" enabled="false" level="WARNING" enabled_by_default="false" />
  <inspection_tool class="AndroidLintTypos" enabled="false" level="WARNING" enabled_by_default="false" />
  <inspection_tool class="AndroidLintUniquePermission" enabled="false" level="ERROR" enabled_by_default="false" />
  <inspection_tool class="AndroidLintUnknownId" enabled="false" level="ERROR" enabled_by_default="false" />
  <inspection_tool class="AndroidLintUnknownIdInLayout" enabled="false" level="WARNING" enabled_by_default="false" />
  <inspection_tool class="AndroidLintUnlocalizedSms" enabled="false" level="WARNING" enabled_by_default="false" />
  <inspection_tool class="AndroidLintUnusedAttribute" enabled="false" level="WARNING" enabled_by_default="false" />
  <inspection_tool class="AndroidLintUnusedQuantity" enabled="false" level="WARNING" enabled_by_default="false" />
  <inspection_tool class="AndroidLintUnusedResources" enabled="false" level="WARNING" enabled_by_default="false" />
  <inspection_tool class="AndroidLintUseAlpha2" enabled="false" level="WARNING" enabled_by_default="false" />
  <inspection_tool class="AndroidLintUseCheckPermission" enabled="false" level="WARNING" enabled_by_default="false" />
  <inspection_tool class="AndroidLintUseCompoundDrawables" enabled="false" level="WARNING" enabled_by_default="false" />
  <inspection_tool class="AndroidLintUseSparseArrays" enabled="false" level="WARNING" enabled_by_default="false" />
  <inspection_tool class="AndroidLintUseValueOf" enabled="false" level="WARNING" enabled_by_default="false" />
  <inspection_tool class="AndroidLintUselessLeaf" enabled="false" level="WARNING" enabled_by_default="false" />
  <inspection_tool class="AndroidLintUselessParent" enabled="false" level="WARNING" enabled_by_default="false" />
  <inspection_tool class="AndroidLintUsesMinSdkAttributes" enabled="false" level="WARNING" enabled_by_default="false" />
  <inspection_tool class="AndroidLintUsingHttp" enabled="false" level="WARNING" enabled_by_default="false" />
  <inspection_tool class="AndroidLintValidFragment" enabled="false" level="ERROR" enabled_by_default="false" />
  <inspection_tool class="AndroidLintViewConstructor" enabled="false" level="WARNING" enabled_by_default="false" />
  <inspection_tool class="AndroidLintViewHolder" enabled="false" level="WARNING" enabled_by_default="false" />
  <inspection_tool class="AndroidLintWebViewLayout" enabled="false" level="ERROR" enabled_by_default="false" />
  <inspection_tool class="AndroidLintWorldReadableFiles" enabled="false" level="WARNING" enabled_by_default="false" />
  <inspection_tool class="AndroidLintWorldWriteableFiles" enabled="false" level="WARNING" enabled_by_default="false" />
  <inspection_tool class="AndroidLintWrongCall" enabled="false" level="ERROR" enabled_by_default="false" />
  <inspection_tool class="AndroidLintWrongCase" enabled="false" level="ERROR" enabled_by_default="false" />
  <inspection_tool class="AndroidLintWrongFolder" enabled="false" level="ERROR" enabled_by_default="false" />
  <inspection_tool class="AndroidLintWrongRegion" enabled="false" level="WARNING" enabled_by_default="false" />
  <inspection_tool class="AndroidLintWrongViewCast" enabled="false" level="ERROR" enabled_by_default="false" />
  <inspection_tool class="AndroidMissingOnClickHandler" enabled="false" level="WARNING" enabled_by_default="false" />
  <inspection_tool class="AndroidNonConstantResIdsInSwitch" enabled="false" level="ERROR" enabled_by_default="false" />
  <inspection_tool class="AndroidUnknownAttribute" enabled="false" level="WARNING" enabled_by_default="false" />
  <inspection_tool class="Annotator" enabled="false" level="ERROR" enabled_by_default="false" />
  <inspection_tool class="Anonymous2MethodRef" enabled="false" level="WARNING" enabled_by_default="false" />
  <inspection_tool class="AntDuplicateTargetsInspection" enabled="false" level="ERROR" enabled_by_default="false" />
  <inspection_tool class="AntMissingPropertiesFileInspection" enabled="false" level="ERROR" enabled_by_default="false" />
  <inspection_tool class="AntResolveInspection" enabled="false" level="ERROR" enabled_by_default="false" />
  <inspection_tool class="ApparentRefinementOfResultType" enabled="false" level="WARNING" enabled_by_default="false" />
  <inspection_tool class="AppliedTypeLambdaCanBeSimplified" enabled="false" level="WARNING" enabled_by_default="false" />
  <inspection_tool class="ArrayEquals" enabled="false" level="WARNING" enabled_by_default="false" />
  <inspection_tool class="ArrayHashCode" enabled="false" level="WARNING" enabled_by_default="false" />
  <inspection_tool class="ArraysAsListWithZeroOrOneArgument" enabled="false" level="WARNING" enabled_by_default="false" />
  <inspection_tool class="AssertEqualsBetweenInconvertibleTypes" enabled="false" level="WARNING" enabled_by_default="false" />
  <inspection_tool class="AssertEqualsBetweenInconvertibleTypesTestNG" enabled="false" level="WARNING" enabled_by_default="false" />
  <inspection_tool class="AssertWithSideEffects" enabled="false" level="WARNING" enabled_by_default="false" />
  <inspection_tool class="BigDecimalMethodWithoutRoundingCalled" enabled="false" level="WARNING" enabled_by_default="false" />
  <inspection_tool class="BooleanConstructor" enabled="false" level="WARNING" enabled_by_default="false" />
  <inspection_tool class="BooleanMethodIsAlwaysInverted" enabled="false" level="WARNING" enabled_by_default="false" />
  <inspection_tool class="BoundFieldAssignment" enabled="false" level="WARNING" enabled_by_default="false" />
  <inspection_tool class="BoxingBoxedValue" enabled="false" level="WARNING" enabled_by_default="false" />
  <inspection_tool class="CanBeFinal" enabled="false" level="WARNING" enabled_by_default="false">
    <option name="REPORT_CLASSES" value="false" />
    <option name="REPORT_METHODS" value="false" />
    <option name="REPORT_FIELDS" value="true" />
  </inspection_tool>
  <inspection_tool class="CaseClassParam" enabled="false" level="WARNING" enabled_by_default="false" />
  <inspection_tool class="CatchMayIgnoreExceptionMerged" />
  <inspection_tool class="CaughtExceptionImmediatelyRethrown" enabled="false" level="WARNING" enabled_by_default="false" />
  <inspection_tool class="ChainedPackage" enabled="false" level="WARNING" enabled_by_default="false" />
  <inspection_tool class="CheckDtdRefs" enabled="false" level="ERROR" enabled_by_default="false" />
  <inspection_tool class="CheckEmptyScriptTag" enabled="false" level="WARNING" enabled_by_default="false" />
  <inspection_tool class="CheckNodeTest" enabled="false" level="WARNING" enabled_by_default="false" />
  <inspection_tool class="CheckTagEmptyBody" enabled="false" level="WARNING" enabled_by_default="false" />
  <inspection_tool class="CheckValidXmlInScriptTagBody" enabled="false" level="ERROR" enabled_by_default="false" />
  <inspection_tool class="CheckXmlFileWithXercesValidator" enabled="false" level="ERROR" enabled_by_default="false" />
  <inspection_tool class="ClashingTraitMethods" enabled="false" level="WARNING" enabled_by_default="false" />
  <inspection_tool class="ClassInitializerMayBeStatic" enabled="false" level="WARNING" enabled_by_default="false" />
  <inspection_tool class="CloneCallsSuperClone" enabled="false" level="WARNING" enabled_by_default="false" />
  <inspection_tool class="CloneDeclaresCloneNotSupported" enabled="false" level="WARNING" enabled_by_default="false" />
  <inspection_tool class="CodeBlock2Expr" enabled="false" level="WARNING" enabled_by_default="false" />
  <inspection_tool class="CollectionAddedToSelf" enabled="false" level="WARNING" enabled_by_default="false" />
  <inspection_tool class="ComparatorMethodParameterNotUsed" enabled="false" level="WARNING" enabled_by_default="false" />
  <inspection_tool class="ComparingUnrelatedTypes" enabled="false" level="WARNING" enabled_by_default="false" />
  <inspection_tool class="ComponentNotRegistered" enabled="false" level="WARNING" enabled_by_default="false">
    <option name="CHECK_ACTIONS" value="true" />
    <option name="IGNORE_NON_PUBLIC" value="true" />
  </inspection_tool>
  <inspection_tool class="ComponentRegistrationProblems" enabled="false" level="ERROR" enabled_by_default="false" />
  <inspection_tool class="ConstantConditionalExpression" enabled="false" level="WARNING" enabled_by_default="false" />
  <inspection_tool class="ConstantConditions" enabled="false" level="WARNING" enabled_by_default="false">
    <option name="SUGGEST_NULLABLE_ANNOTATIONS" value="false" />
    <option name="DONT_REPORT_TRUE_ASSERT_STATEMENTS" value="false" />
  </inspection_tool>
  <inspection_tool class="ConstantIfStatement" enabled="false" level="WARNING" enabled_by_default="false" />
  <inspection_tool class="ConstantStringIntern" enabled="false" level="WARNING" enabled_by_default="false" />
  <inspection_tool class="ContinueOrBreakFromFinallyBlock" enabled="false" level="WARNING" enabled_by_default="false" />
  <inspection_tool class="Contract" enabled="false" level="WARNING" enabled_by_default="false" />
  <inspection_tool class="Convert2Diamond" enabled="false" level="WARNING" enabled_by_default="false" />
  <inspection_tool class="Convert2Lambda" enabled="false" level="WARNING" enabled_by_default="false" />
  <inspection_tool class="Convert2MethodRef" enabled="false" level="WARNING" enabled_by_default="false" />
  <inspection_tool class="Convert2streamapi" enabled="false" level="WEAK WARNING" enabled_by_default="false" />
  <inspection_tool class="ConvertibleToMethodValue" enabled="false" level="WARNING" enabled_by_default="false" />
  <inspection_tool class="DangerousCatchAll" enabled="false" level="WARNING" enabled_by_default="false" />
  <inspection_tool class="DefaultFileTemplate" enabled="false" level="WARNING" enabled_by_default="false">
    <option name="CHECK_FILE_HEADER" value="true" />
    <option name="CHECK_TRY_CATCH_SECTION" value="true" />
    <option name="CHECK_METHOD_BODY" value="true" />
  </inspection_tool>
  <inspection_tool class="DelegatesTo" enabled="false" level="WARNING" enabled_by_default="false" />
  <inspection_tool class="Dependency" enabled="false" level="ERROR" enabled_by_default="false" />
  <inspection_tool class="DeprecatedClassUsageInspection" enabled="false" level="WARNING" enabled_by_default="false" />
  <inspection_tool class="DeprecatedViewBound" enabled="false" level="WARNING" enabled_by_default="false" />
  <inspection_tool class="Deprecation" enabled="false" level="WARNING" enabled_by_default="false" />
  <inspection_tool class="DialogTitleCapitalization" enabled="false" level="WARNING" enabled_by_default="false" />
  <inspection_tool class="DontUsePairConstructor" enabled="false" level="WARNING" enabled_by_default="false" />
  <inspection_tool class="DuplicateMnemonic" enabled="false" level="WARNING" enabled_by_default="false" />
  <inspection_tool class="DuplicateThrows" enabled="false" level="WARNING" enabled_by_default="false" />
  <inspection_tool class="EmptyCatchBlock" enabled="false" level="WARNING" enabled_by_default="false">
    <option name="m_includeComments" value="true" />
    <option name="m_ignoreTestCases" value="true" />
    <option name="m_ignoreIgnoreParameter" value="true" />
  </inspection_tool>
  <inspection_tool class="EmptyFinallyBlock" enabled="false" level="WARNING" enabled_by_default="false" />
  <inspection_tool class="EmptyMethod" enabled="false" level="WARNING" enabled_by_default="false" />
  <inspection_tool class="EmptyParenMethodAccessedAsParameterless" enabled="false" level="WARNING" enabled_by_default="false" />
  <inspection_tool class="EmptyParenMethodOverridenAsParameterless" enabled="false" level="WARNING" enabled_by_default="false" />
  <inspection_tool class="EmptyStatementBody" enabled="false" level="WARNING" enabled_by_default="false">
    <option name="m_reportEmptyBlocks" value="true" />
  </inspection_tool>
  <inspection_tool class="EmptyTryBlock" enabled="false" level="WARNING" enabled_by_default="false" />
  <inspection_tool class="EqualsBetweenInconvertibleTypes" enabled="false" level="WARNING" enabled_by_default="false" />
  <inspection_tool class="EqualsWhichDoesntCheckParameterClass" enabled="false" level="WARNING" enabled_by_default="false" />
  <inspection_tool class="EqualsWithItself" enabled="false" level="WARNING" enabled_by_default="false" />
  <inspection_tool class="ExistsEquals" enabled="false" level="WARNING" enabled_by_default="false" />
  <inspection_tool class="ExtendsAnnotation" enabled="false" level="WARNING" enabled_by_default="false" />
  <inspection_tool class="ExtendsObject" enabled="false" level="WARNING" enabled_by_default="false" />
  <inspection_tool class="ExtensionPointBeanClass" enabled="false" level="WARNING" enabled_by_default="false" />
  <inspection_tool class="ExternalizableWithoutPublicNoArgConstructor" enabled="false" level="WARNING" enabled_by_default="false" />
  <inspection_tool class="FieldCanBeLocal" enabled="false" level="WARNING" enabled_by_default="false" />
  <inspection_tool class="FileEqualsUsage" enabled="false" level="WARNING" enabled_by_default="false" />
  <inspection_tool class="FilterHeadOption" enabled="false" level="WARNING" enabled_by_default="false" />
  <inspection_tool class="FilterSize" enabled="false" level="WARNING" enabled_by_default="false" />
  <inspection_tool class="FilterSizeCheck" enabled="false" level="WARNING" enabled_by_default="false" />
  <inspection_tool class="FinalPrivateMethod" enabled="false" level="WARNING" enabled_by_default="false" />
  <inspection_tool class="FinalStaticMethod" enabled="false" level="WARNING" enabled_by_default="false" />
  <inspection_tool class="FinalizeCallsSuperFinalize" enabled="false" level="WARNING" enabled_by_default="false">
    <option name="ignoreObjectSubclasses" value="false" />
    <option name="ignoreTrivialFinalizers" value="true" />
  </inspection_tool>
  <inspection_tool class="FinallyBlockCannotCompleteNormally" enabled="false" level="WARNING" enabled_by_default="false" />
  <inspection_tool class="FindIsDefined" enabled="false" level="WARNING" enabled_by_default="false" />
  <inspection_tool class="FindNotEqualsNone" enabled="false" level="WARNING" enabled_by_default="false" />
  <inspection_tool class="FloatLiteralEndingWithDecimalPoint" enabled="false" level="WARNING" enabled_by_default="false" />
  <inspection_tool class="FoldTrueAnd" enabled="false" level="WARNING" enabled_by_default="false" />
  <inspection_tool class="ForCanBeForeach" enabled="false" level="WARNING" enabled_by_default="false">
    <option name="REPORT_INDEXED_LOOP" value="true" />
    <option name="ignoreUntypedCollections" value="false" />
  </inspection_tool>
  <inspection_tool class="ForwardReference" enabled="false" level="WARNING" enabled_by_default="false" />
  <inspection_tool class="FunctionTupleSyntacticSugar" enabled="false" level="WARNING" enabled_by_default="false" />
  <inspection_tool class="GetGetOrElse" enabled="false" level="WARNING" enabled_by_default="false" />
  <inspection_tool class="GetOrElseNull" enabled="false" level="WARNING" enabled_by_default="false" />
  <inspection_tool class="GrDeprecatedAPIUsage" enabled="false" level="WARNING" enabled_by_default="false" />
  <inspection_tool class="GrEqualsBetweenInconvertibleTypes" enabled="false" level="WARNING" enabled_by_default="false" />
  <inspection_tool class="GrFinalVariableAccess" enabled="false" level="WARNING" enabled_by_default="false" />
  <inspection_tool class="GrMethodMayBeStatic" enabled="false" level="WARNING" enabled_by_default="false" />
  <inspection_tool class="GrPackage" enabled="false" level="WARNING" enabled_by_default="false" />
  <inspection_tool class="GrReassignedInClosureLocalVar" enabled="false" level="WARNING" enabled_by_default="false" />
  <inspection_tool class="GrUnresolvedAccess" enabled="false" level="WEAK WARNING" enabled_by_default="false" />
  <inspection_tool class="GroovyAccessToStaticFieldLockedOnInstance" enabled="false" level="WARNING" enabled_by_default="false" />
  <inspection_tool class="GroovyAccessibility" enabled="false" level="WARNING" enabled_by_default="false" />
  <inspection_tool class="GroovyAssignabilityCheck" enabled="false" level="WARNING" enabled_by_default="false" />
  <inspection_tool class="GroovyConditionalWithIdenticalBranches" enabled="false" level="WARNING" enabled_by_default="false" />
  <inspection_tool class="GroovyConstantConditional" enabled="false" level="WARNING" enabled_by_default="false" />
  <inspection_tool class="GroovyConstantIfStatement" enabled="false" level="WARNING" enabled_by_default="false" />
  <inspection_tool class="GroovyConstructorNamedArguments" enabled="false" level="WARNING" enabled_by_default="false" />
  <inspection_tool class="GroovyDivideByZero" enabled="false" level="WARNING" enabled_by_default="false" />
  <inspection_tool class="GroovyDocCheck" enabled="false" level="ERROR" enabled_by_default="false" />
  <inspection_tool class="GroovyDoubleNegation" enabled="false" level="WARNING" enabled_by_default="false" />
  <inspection_tool class="GroovyDuplicateSwitchBranch" enabled="false" level="WARNING" enabled_by_default="false" />
  <inspection_tool class="GroovyEmptyStatementBody" enabled="false" level="WARNING" enabled_by_default="false" />
  <inspection_tool class="GroovyFallthrough" enabled="false" level="WARNING" enabled_by_default="false" />
  <inspection_tool class="GroovyIfStatementWithIdenticalBranches" enabled="false" level="WARNING" enabled_by_default="false" />
  <inspection_tool class="GroovyInArgumentCheck" enabled="false" level="WARNING" enabled_by_default="false" />
  <inspection_tool class="GroovyInfiniteLoopStatement" enabled="false" level="WARNING" enabled_by_default="false" />
  <inspection_tool class="GroovyInfiniteRecursion" enabled="false" level="WARNING" enabled_by_default="false" />
  <inspection_tool class="GroovyLabeledStatement" enabled="false" level="WARNING" enabled_by_default="false" />
  <inspection_tool class="GroovyMissingReturnStatement" enabled="false" level="WARNING" enabled_by_default="false" />
  <inspection_tool class="GroovyPointlessBoolean" enabled="false" level="WARNING" enabled_by_default="false" />
  <inspection_tool class="GroovyResultOfObjectAllocationIgnored" enabled="false" level="WARNING" enabled_by_default="false" />
  <inspection_tool class="GroovySillyAssignment" enabled="false" level="WARNING" enabled_by_default="false" />
  <inspection_tool class="GroovySingletonAnnotation" enabled="false" level="WARNING" enabled_by_default="false" />
  <inspection_tool class="GroovySynchronizationOnNonFinalField" enabled="false" level="WARNING" enabled_by_default="false" />
  <inspection_tool class="GroovySynchronizationOnVariableInitializedWithLiteral" enabled="false" level="WARNING" enabled_by_default="false" />
  <inspection_tool class="GroovyTrivialConditional" enabled="false" level="WARNING" enabled_by_default="false" />
  <inspection_tool class="GroovyTrivialIf" enabled="false" level="WARNING" enabled_by_default="false" />
  <inspection_tool class="GroovyUncheckedAssignmentOfMemberOfRawType" enabled="false" level="WARNING" enabled_by_default="false" />
  <inspection_tool class="GroovyUnnecessaryContinue" enabled="false" level="WARNING" enabled_by_default="false" />
  <inspection_tool class="GroovyUnnecessaryReturn" enabled="false" level="WARNING" enabled_by_default="false" />
  <inspection_tool class="GroovyUnreachableStatement" enabled="false" level="WARNING" enabled_by_default="false" />
  <inspection_tool class="GroovyUnsynchronizedMethodOverridesSynchronizedMethod" enabled="false" level="WARNING" enabled_by_default="false" />
  <inspection_tool class="GroovyUnusedAssignment" enabled="false" level="WARNING" enabled_by_default="false" />
  <inspection_tool class="GroovyUnusedCatchParameter" enabled="false" level="WARNING" enabled_by_default="false" />
  <inspection_tool class="GroovyUnusedDeclaration" enabled="false" level="WARNING" enabled_by_default="false" />
  <inspection_tool class="GroovyUnusedIncOrDec" enabled="false" level="WARNING" enabled_by_default="false" />
  <inspection_tool class="GroovyVariableNotAssigned" enabled="false" level="WARNING" enabled_by_default="false" />
  <inspection_tool class="GtkPreferredJComboBoxRenderer" enabled="false" level="WARNING" enabled_by_default="false" />
  <inspection_tool class="HardwiredNamespacePrefix" enabled="false" level="WARNING" enabled_by_default="false" />
  <inspection_tool class="HoconIncludeResolution" enabled="false" level="WARNING" enabled_by_default="false" />
  <inspection_tool class="HtmlExtraClosingTag" enabled="false" level="ERROR" enabled_by_default="false" />
  <inspection_tool class="HtmlUnknownAnchorTarget" enabled="false" level="WARNING" enabled_by_default="false" />
  <inspection_tool class="HtmlUnknownAttribute" enabled="false" level="WARNING" enabled_by_default="false">
    <option name="myValues">
      <value>
        <list size="0" />
      </value>
    </option>
    <option name="myCustomValuesEnabled" value="true" />
  </inspection_tool>
  <inspection_tool class="HtmlUnknownBooleanAttribute" enabled="false" level="WARNING" enabled_by_default="false" />
  <inspection_tool class="HtmlUnknownTag" enabled="false" level="WARNING" enabled_by_default="false">
    <option name="myValues">
      <value>
        <list size="6">
          <item index="0" class="java.lang.String" itemvalue="nobr" />
          <item index="1" class="java.lang.String" itemvalue="noembed" />
          <item index="2" class="java.lang.String" itemvalue="comment" />
          <item index="3" class="java.lang.String" itemvalue="noscript" />
          <item index="4" class="java.lang.String" itemvalue="embed" />
          <item index="5" class="java.lang.String" itemvalue="script" />
        </list>
      </value>
    </option>
    <option name="myCustomValuesEnabled" value="true" />
  </inspection_tool>
  <inspection_tool class="HtmlUnknownTarget" enabled="false" level="WARNING" enabled_by_default="false" />
  <inspection_tool class="IfCanBeSwitch" enabled="false" level="WARNING" enabled_by_default="false">
    <option name="minimumBranches" value="3" />
    <option name="suggestIntSwitches" value="false" />
    <option name="suggestEnumSwitches" value="false" />
  </inspection_tool>
  <inspection_tool class="IgnoreResultOfCall" enabled="false" level="WARNING" enabled_by_default="false">
    <option name="m_reportAllNonLibraryCalls" value="false" />
    <option name="callCheckString" value="java.io.File,.*,java.io.InputStream,read|skip|available|markSupported,java.io.Writer,read|skip|ready|markSupported,java.lang.Boolean,.*,java.lang.Byte,.*,java.lang.Character,.*,java.lang.Double,.*,java.lang.Float,.*,java.lang.Integer,.*,java.lang.Long,.*,java.lang.Math,.*,java.lang.Object,equals|hashCode|toString,java.lang.Short,.*,java.lang.StrictMath,.*,java.lang.String,.*,java.math.BigInteger,.*,java.math.BigDecimal,.*,java.net.InetAddress,.*,java.net.URI,.*,java.util.UUID,.*,java.util.regex.Matcher,pattern|toMatchResult|start|end|group|groupCount|matches|find|lookingAt|quoteReplacement|replaceAll|replaceFirst|regionStart|regionEnd|hasTransparantBounds|hasAnchoringBounds|hitEnd|requireEnd,java.util.regex.Pattern,.*" />
  </inspection_tool>
  <inspection_tool class="ImplicitArrayToString" enabled="false" level="WARNING" enabled_by_default="false" />
  <inspection_tool class="ImplicitTypeConversion" enabled="false" level="WARNING" enabled_by_default="false">
    <option name="BITS" value="1720" />
    <option name="FLAG_EXPLICIT_CONVERSION" value="true" />
    <option name="IGNORE_NODESET_TO_BOOLEAN_VIA_STRING" value="true" />
  </inspection_tool>
  <inspection_tool class="IncompatibleMask" enabled="false" level="WARNING" enabled_by_default="false" />
  <inspection_tool class="InconsistentResourceBundle" enabled="false" level="ERROR" enabled_by_default="false" />
  <inspection_tool class="IndexOfReplaceableByContains" enabled="false" level="WARNING" enabled_by_default="false" />
  <inspection_tool class="IndexZeroUsage" enabled="false" level="WARNING" enabled_by_default="false" />
  <inspection_tool class="InfiniteLoopStatement" enabled="false" level="WARNING" enabled_by_default="false" />
  <inspection_tool class="InfiniteRecursion" enabled="false" level="WARNING" enabled_by_default="false" />
  <inspection_tool class="InjectedReferences" enabled="false" level="ERROR" enabled_by_default="false" />
  <inspection_tool class="InjectionNotApplicable" enabled="false" level="ERROR" enabled_by_default="false" />
  <inspection_tool class="InspectionDescriptionNotFoundInspection" enabled="false" level="WARNING" enabled_by_default="false" />
  <inspection_tool class="InspectionMappingConsistency" enabled="false" level="WARNING" enabled_by_default="false" />
  <inspection_tool class="InspectionUsingGrayColors" enabled="false" level="WARNING" enabled_by_default="false" />
  <inspection_tool class="InstantiatingObjectToGetClassObject" enabled="false" level="WARNING" enabled_by_default="false" />
  <inspection_tool class="IntentionDescriptionNotFoundInspection" enabled="false" level="WARNING" enabled_by_default="false" />
  <inspection_tool class="JUnit4AnnotatedMethodInJUnit3TestCase" enabled="false" level="WARNING" enabled_by_default="false" />
  <inspection_tool class="JavaAccessorMethodCalledAsEmptyParen" enabled="false" level="WARNING" enabled_by_default="false" />
  <inspection_tool class="JavaAccessorMethodOverridenAsEmptyParen" enabled="false" level="WARNING" enabled_by_default="false" />
  <inspection_tool class="JavaDoc" enabled="false" level="WARNING" enabled_by_default="false">
    <option name="TOP_LEVEL_CLASS_OPTIONS">
      <value>
        <option name="ACCESS_JAVADOC_REQUIRED_FOR" value="none" />
        <option name="REQUIRED_TAGS" value="" />
      </value>
    </option>
    <option name="INNER_CLASS_OPTIONS">
      <value>
        <option name="ACCESS_JAVADOC_REQUIRED_FOR" value="none" />
        <option name="REQUIRED_TAGS" value="" />
      </value>
    </option>
    <option name="METHOD_OPTIONS">
      <value>
        <option name="ACCESS_JAVADOC_REQUIRED_FOR" value="none" />
        <option name="REQUIRED_TAGS" value="@return@param@throws or @exception" />
      </value>
    </option>
    <option name="FIELD_OPTIONS">
      <value>
        <option name="ACCESS_JAVADOC_REQUIRED_FOR" value="none" />
        <option name="REQUIRED_TAGS" value="" />
      </value>
    </option>
    <option name="IGNORE_DEPRECATED" value="false" />
    <option name="IGNORE_JAVADOC_PERIOD" value="true" />
    <option name="IGNORE_DUPLICATED_THROWS" value="false" />
    <option name="IGNORE_POINT_TO_ITSELF" value="false" />
    <option name="myAdditionalJavadocTags" value="" />
  </inspection_tool>
  <inspection_tool class="JavaFxDefaultTag" enabled="false" level="WARNING" enabled_by_default="false" />
  <inspection_tool class="JavaFxUnresolvedFxIdReference" enabled="false" level="WARNING" enabled_by_default="false" />
  <inspection_tool class="JavaFxUnusedImports" enabled="false" level="WARNING" enabled_by_default="false" />
  <inspection_tool class="JavaMutatorMethodAccessedAsParameterless" enabled="false" level="WARNING" enabled_by_default="false" />
  <inspection_tool class="JavaMutatorMethodOverridenAsParameterless" enabled="false" level="WARNING" enabled_by_default="false" />
  <inspection_tool class="JavacQuirks" enabled="false" level="WARNING" enabled_by_default="false" />
  <inspection_tool class="JavadocReference" enabled="false" level="ERROR" enabled_by_default="false" />
  <inspection_tool class="JsonStandardCompliance" enabled="false" level="ERROR" enabled_by_default="false" />
  <inspection_tool class="LanguageFeature" enabled="false" level="WARNING" enabled_by_default="false" />
  <inspection_tool class="LanguageMismatch" enabled="false" level="WARNING" enabled_by_default="false">
    <option name="CHECK_NON_ANNOTATED_REFERENCES" value="true" />
  </inspection_tool>
  <inspection_tool class="LoopStatementsThatDontLoop" enabled="false" level="WARNING" enabled_by_default="false" />
  <inspection_tool class="LoopVariableNotUpdated" enabled="false" level="WARNING" enabled_by_default="false" />
  <inspection_tool class="MagicConstant" enabled="false" level="WARNING" enabled_by_default="false" />
  <inspection_tool class="MalformedFormatString" enabled="false" level="WARNING" enabled_by_default="false" />
  <inspection_tool class="MalformedRegex" enabled="false" level="WARNING" enabled_by_default="false" />
  <inspection_tool class="MalformedXPath" enabled="false" level="WARNING" enabled_by_default="false" />
  <inspection_tool class="ManualArrayCopy" enabled="false" level="WARNING" enabled_by_default="false" />
  <inspection_tool class="ManualArrayToCollectionCopy" enabled="false" level="WARNING" enabled_by_default="false" />
  <inspection_tool class="MapGetOrElseFalse" enabled="false" level="WARNING" enabled_by_default="false" />
  <inspection_tool class="MatchToPartialFunction" enabled="false" level="WARNING" enabled_by_default="false" />
  <inspection_tool class="MathRandomCastToInt" enabled="false" level="WARNING" enabled_by_default="false" />
  <inspection_tool class="MavenDuplicateDependenciesInspection" enabled="false" level="WARNING" enabled_by_default="false" />
  <inspection_tool class="MavenDuplicatePluginInspection" enabled="false" level="WARNING" enabled_by_default="false" />
  <inspection_tool class="MavenModelInspection" enabled="false" level="ERROR" enabled_by_default="false" />
  <inspection_tool class="MavenRedundantGroupId" enabled="false" level="WARNING" enabled_by_default="false" />
  <inspection_tool class="MethodNameSameAsClassName" enabled="false" level="WARNING" enabled_by_default="false" />
  <inspection_tool class="MismatchedArrayReadWrite" enabled="false" level="WARNING" enabled_by_default="false" />
  <inspection_tool class="MismatchedCollectionQueryUpdate" enabled="false" level="WARNING" enabled_by_default="false">
    <option name="queryNames">
      <value />
    </option>
    <option name="updateNames">
      <value />
    </option>
    <option name="ignoredClasses">
      <value />
    </option>
  </inspection_tool>
  <inspection_tool class="MismatchedStringBuilderQueryUpdate" enabled="false" level="WARNING" enabled_by_default="false" />
  <inspection_tool class="MissingFinalNewline" enabled="false" level="ERROR" enabled_by_default="false" />
  <inspection_tool class="MissingMnemonic" enabled="false" level="WARNING" enabled_by_default="false" />
  <inspection_tool class="MisspelledHeader" enabled="false" level="WARNING" enabled_by_default="false" />
  <inspection_tool class="MultipleRepositoryUrls" enabled="false" level="WARNING" enabled_by_default="false" />
  <inspection_tool class="MutatorLikeMethodIsParameterless" enabled="false" level="WARNING" enabled_by_default="false" />
  <inspection_tool class="NameBooleanParameters" enabled="false" level="WARNING" enabled_by_default="false" />
  <inspection_tool class="NewInstanceOfSingleton" enabled="false" level="WARNING" enabled_by_default="false" />
  <inspection_tool class="NewStringBufferWithCharArgument" enabled="false" level="WARNING" enabled_by_default="false" />
  <inspection_tool class="NoButtonGroup" enabled="false" level="WARNING" enabled_by_default="false" />
  <inspection_tool class="NoExplicitFinalizeCalls" enabled="false" level="WARNING" enabled_by_default="false" />
  <inspection_tool class="NoLabelFor" enabled="false" level="WARNING" enabled_by_default="false" />
  <inspection_tool class="NoReturnTypeForImplicitDef" enabled="false" level="WARNING" enabled_by_default="false" />
  <inspection_tool class="NoScrollPane" enabled="false" level="WARNING" enabled_by_default="false" />
  <inspection_tool class="NotImplementedCode" enabled="false" level="WARNING" enabled_by_default="false" />
  <inspection_tool class="NotIsEmpty" enabled="false" level="WARNING" enabled_by_default="false" />
  <inspection_tool class="NullArgumentToVariableArgMethod" enabled="false" level="WARNING" enabled_by_default="false" />
  <inspection_tool class="NullableProblems" enabled="false" level="WARNING" enabled_by_default="false">
    <option name="REPORT_NULLABLE_METHOD_OVERRIDES_NOTNULL" value="true" />
    <option name="REPORT_NOT_ANNOTATED_METHOD_OVERRIDES_NOTNULL" value="true" />
    <option name="REPORT_NOTNULL_PARAMETER_OVERRIDES_NULLABLE" value="true" />
    <option name="REPORT_NOT_ANNOTATED_PARAMETER_OVERRIDES_NOTNULL" value="true" />
    <option name="REPORT_NOT_ANNOTATED_GETTER" value="true" />
    <option name="REPORT_NOT_ANNOTATED_SETTER_PARAMETER" value="true" />
    <option name="REPORT_ANNOTATION_NOT_PROPAGATED_TO_OVERRIDERS" value="true" />
    <option name="REPORT_NULLS_PASSED_TO_NON_ANNOTATED_METHOD" value="true" />
  </inspection_tool>
  <inspection_tool class="NumberEquality" enabled="false" level="WARNING" enabled_by_default="false" />
  <inspection_tool class="NumericOverflow" enabled="false" level="WARNING" enabled_by_default="false" />
  <inspection_tool class="ObjectEqualsNull" enabled="false" level="WARNING" enabled_by_default="false" />
  <inspection_tool class="OctalLiteral" enabled="false" level="WARNING" enabled_by_default="false" />
  <inspection_tool class="OneButtonGroup" enabled="false" level="WARNING" enabled_by_default="false" />
  <inspection_tool class="ParameterCanBeLocal" enabled="false" level="WARNING" enabled_by_default="false" />
  <inspection_tool class="ParameterlessMemberOverridenAsEmptyParen" enabled="false" level="WARNING" enabled_by_default="false" />
  <inspection_tool class="PatternNotApplicable" enabled="false" level="ERROR" enabled_by_default="false" />
  <inspection_tool class="PatternOverriddenByNonAnnotatedMethod" enabled="false" level="WARNING" enabled_by_default="false" />
  <inspection_tool class="PatternValidation" enabled="false" level="WARNING" enabled_by_default="false">
    <option name="CHECK_NON_CONSTANT_VALUES" value="true" />
  </inspection_tool>
  <inspection_tool class="PluginXmlValidity" enabled="false" level="ERROR" enabled_by_default="false" />
  <inspection_tool class="PointlessArithmeticExpression" enabled="false" level="WARNING" enabled_by_default="false">
    <option name="m_ignoreExpressionsContainingConstants" value="true" />
  </inspection_tool>
  <inspection_tool class="PointlessBitwiseExpression" enabled="false" level="WARNING" enabled_by_default="false">
    <option name="m_ignoreExpressionsContainingConstants" value="false" />
  </inspection_tool>
  <inspection_tool class="PointlessBooleanExpression" enabled="false" level="WARNING" enabled_by_default="false">
    <option name="m_ignoreExpressionsContainingConstants" value="false" />
  </inspection_tool>
  <inspection_tool class="PostfixTemplateDescriptionNotFound" enabled="false" level="WARNING" enabled_by_default="false" />
  <inspection_tool class="PrimitiveArrayArgumentToVariableArgMethod" enabled="false" level="WARNING" enabled_by_default="false" />
  <inspection_tool class="RedundantArrayCreation" enabled="false" level="WARNING" enabled_by_default="false" />
  <inspection_tool class="RedundantBlock" enabled="false" level="WARNING" enabled_by_default="false" />
  <inspection_tool class="RedundantCast" enabled="false" level="WARNING" enabled_by_default="false" />
  <inspection_tool class="RedundantCollectionConversion" enabled="false" level="WARNING" enabled_by_default="false" />
  <inspection_tool class="RedundantStringFormatCall" enabled="false" level="WARNING" enabled_by_default="false" />
  <inspection_tool class="RedundantThrows" enabled="false" level="WARNING" enabled_by_default="false" />
  <inspection_tool class="RedundantTypeArguments" enabled="false" level="WARNING" enabled_by_default="false" />
  <inspection_tool class="RedundantTypeConversion" enabled="false" level="WARNING" enabled_by_default="false">
    <option name="CHECK_ANY" value="false" />
  </inspection_tool>
  <inspection_tool class="ReferenceMustBePrefixed" enabled="false" level="WARNING" enabled_by_default="false" />
  <inspection_tool class="ReflectionForUnavailableAnnotation" enabled="false" level="WARNING" enabled_by_default="false" />
  <inspection_tool class="RefusedBequest" enabled="true" level="WARNING" enabled_by_default="true">
    <option name="ignoreEmptySuperMethods" value="false" />
  </inspection_tool>
  <inspection_tool class="RemoveRedundantReturn" enabled="false" level="WARNING" enabled_by_default="false" />
  <inspection_tool class="ReplaceAllDot" enabled="false" level="WARNING" enabled_by_default="false" />
  <inspection_tool class="RequiredAttributes" enabled="false" level="WARNING" enabled_by_default="false">
    <option name="myAdditionalRequiredHtmlAttributes" value="" />
  </inspection_tool>
  <inspection_tool class="ResourceType" enabled="false" level="ERROR" enabled_by_default="false" />
  <inspection_tool class="ReturnFromFinallyBlock" enabled="false" level="WARNING" enabled_by_default="false" />
  <inspection_tool class="ReverseIterator" enabled="false" level="WARNING" enabled_by_default="false" />
  <inspection_tool class="ReverseMap" enabled="false" level="WARNING" enabled_by_default="false" />
  <inspection_tool class="SafeVarargsDetector" enabled="false" level="WARNING" enabled_by_default="false" />
  <inspection_tool class="SameParameterValue" enabled="false" level="WARNING" enabled_by_default="false" />
  <inspection_tool class="SameReturnValue" enabled="false" level="WARNING" enabled_by_default="false" />
  <inspection_tool class="SbtReplaceProjectWithProjectIn" enabled="false" level="WARNING" enabled_by_default="false" />
  <inspection_tool class="ScalaDefaultFileTemplateUsage" enabled="false" level="WARNING" enabled_by_default="false" />
  <inspection_tool class="ScalaDeprecation" enabled="false" level="WARNING" enabled_by_default="false" />
  <inspection_tool class="ScalaDocInlinedTag" enabled="false" level="WARNING" enabled_by_default="false" />
  <inspection_tool class="ScalaDocMissingParameterDescription" enabled="false" level="WARNING" enabled_by_default="false" />
  <inspection_tool class="ScalaDocUnbalancedHeader" enabled="false" level="WARNING" enabled_by_default="false" />
  <inspection_tool class="ScalaDocUnclosedTagWithoutParser" enabled="false" level="WARNING" enabled_by_default="false" />
  <inspection_tool class="ScalaDocUnknownParameter" enabled="false" level="WARNING" enabled_by_default="false" />
  <inspection_tool class="ScalaDocUnknownTag" enabled="false" level="WARNING" enabled_by_default="false" />
  <inspection_tool class="ScalaFileName" enabled="false" level="WARNING" enabled_by_default="false" />
  <inspection_tool class="ScalaMalformedFormatString" enabled="false" level="WARNING" enabled_by_default="false" />
  <inspection_tool class="ScalaPackageName" enabled="false" level="WARNING" enabled_by_default="false" />
  <inspection_tool class="ScalaRedundantCast" enabled="false" level="WARNING" enabled_by_default="false" />
  <inspection_tool class="ScalaRedundantConversion" enabled="false" level="WARNING" enabled_by_default="false" />
  <inspection_tool class="ScalaUnnecessaryParentheses" enabled="false" level="WARNING" enabled_by_default="false" />
  <inspection_tool class="ScalaUnnecessarySemicolon" enabled="false" level="WARNING" enabled_by_default="false" />
  <inspection_tool class="ScalaUnreachableCode" enabled="false" level="WARNING" enabled_by_default="false" />
  <inspection_tool class="ScalaUnresolvedPropertyKey" enabled="false" level="ERROR" enabled_by_default="false" />
  <inspection_tool class="ScalaUnusedSymbol" enabled="false" level="WEAK WARNING" enabled_by_default="false" />
  <inspection_tool class="ScalaUselessExpression" enabled="false" level="WEAK WARNING" enabled_by_default="false" />
  <inspection_tool class="ScalaXmlUnmatchedTag" enabled="false" level="ERROR" enabled_by_default="false" />
  <inspection_tool class="SecondUnsafeCall" enabled="false" level="WARNING" enabled_by_default="false" />
  <inspection_tool class="ShiftOutOfRange" enabled="false" level="WARNING" enabled_by_default="false" />
  <inspection_tool class="SillyAssignment" enabled="false" level="WARNING" enabled_by_default="false" />
  <inspection_tool class="SimplifiableConditionalExpression" enabled="false" level="WARNING" enabled_by_default="false" />
  <inspection_tool class="SimplifiableFoldOrReduce" enabled="false" level="WARNING" enabled_by_default="false" />
  <inspection_tool class="SimplifiableIfStatement" enabled="false" level="WARNING" enabled_by_default="false" />
  <inspection_tool class="SimplifyBoolean" enabled="false" level="WARNING" enabled_by_default="false" />
  <inspection_tool class="SingleImport" enabled="false" level="WARNING" enabled_by_default="false" />
  <inspection_tool class="SizeToLength" enabled="false" level="WARNING" enabled_by_default="false" />
  <inspection_tool class="SortFilter" enabled="false" level="WARNING" enabled_by_default="false" />
  <inspection_tool class="SpellCheckingInspection" enabled="false" level="TYPO" enabled_by_default="false">
    <option name="processCode" value="true" />
    <option name="processLiterals" value="true" />
    <option name="processComments" value="true" />
  </inspection_tool>
  <inspection_tool class="StringBufferReplaceableByString" enabled="false" level="WARNING" enabled_by_default="false" />
  <inspection_tool class="StringBufferReplaceableByStringBuilder" enabled="false" level="WARNING" enabled_by_default="false" />
  <inspection_tool class="StringConcatenationInsideStringBufferAppend" enabled="false" level="WARNING" enabled_by_default="false" />
  <inspection_tool class="StringConstructor" enabled="false" level="WARNING" enabled_by_default="false">
    <option name="ignoreSubstringArguments" value="false" />
  </inspection_tool>
  <inspection_tool class="StringEquality" enabled="false" level="WARNING" enabled_by_default="false" />
  <inspection_tool class="StringToString" enabled="false" level="WARNING" enabled_by_default="false" />
  <inspection_tool class="SubstringZero" enabled="false" level="WARNING" enabled_by_default="false" />
  <inspection_tool class="SuspiciousMethodCalls" enabled="false" level="WARNING" enabled_by_default="false">
    <option name="REPORT_CONVERTIBLE_METHOD_CALLS" value="true" />
  </inspection_tool>
  <inspection_tool class="SuspiciousNameCombination" enabled="false" level="WARNING" enabled_by_default="false">
    <group names="x,width,left,right" />
    <group names="y,height,top,bottom" />
    <ignored>
      <option name="METHOD_MATCHER_CONFIG" value="java.io.PrintStream,println,java.io.PrintWriter,println,java.lang.System,identityHashCode,java.sql.PreparedStatement,set.*,java.sql.ResultSet,update.*,java.sql.SQLOutput,write.*,java.lang.Integer,compare.*,java.lang.Long,compare.*,java.lang.Short,compare,java.lang.Byte,compare,java.lang.Character,compare,java.lang.Boolean,compare,java.lang.Math,.*,java.lang.StrictMath,.*" />
    </ignored>
  </inspection_tool>
  <inspection_tool class="SuspiciousSystemArraycopy" enabled="false" level="WARNING" enabled_by_default="false" />
  <inspection_tool class="SuspiciousToArrayCall" enabled="false" level="WARNING" enabled_by_default="false" />
  <inspection_tool class="SynchronizationOnLocalVariableOrMethodParameter" enabled="false" level="WARNING" enabled_by_default="false">
    <option name="reportLocalVariables" value="true" />
    <option name="reportMethodParameters" value="true" />
  </inspection_tool>
  <inspection_tool class="SynchronizeOnNonFinalField" enabled="false" level="WARNING" enabled_by_default="false" />
  <inspection_tool class="SyntaxError" enabled="false" level="ERROR" enabled_by_default="false" />
  <inspection_tool class="ThrowFromFinallyBlock" enabled="false" level="WARNING" enabled_by_default="false" />
  <inspection_tool class="ThrowableInstanceNeverThrown" enabled="false" level="WARNING" enabled_by_default="false" />
  <inspection_tool class="ThrowablePrintedToSystemOut" enabled="false" level="WARNING" enabled_by_default="false" />
  <inspection_tool class="ThrowableResultOfMethodCallIgnored" enabled="false" level="WARNING" enabled_by_default="false" />
  <inspection_tool class="TrailingSpacesInProperty" enabled="false" level="WARNING" enabled_by_default="false" />
  <inspection_tool class="TrivialIf" enabled="false" level="WARNING" enabled_by_default="false" />
  <inspection_tool class="TryFinallyCanBeTryWithResources" enabled="false" level="WARNING" enabled_by_default="false" />
  <inspection_tool class="TryWithIdenticalCatches" enabled="false" level="WARNING" enabled_by_default="false" />
  <inspection_tool class="TypeAnnotation" enabled="false" level="WARNING" enabled_by_default="false" />
  <inspection_tool class="TypeCheckCanBeMatch" enabled="false" level="WARNING" enabled_by_default="false" />
  <inspection_tool class="TypeCustomizer" enabled="false" level="WARNING" enabled_by_default="false" />
  <inspection_tool class="TypeParameterExtendsObject" enabled="false" level="WARNING" enabled_by_default="false" />
  <inspection_tool class="TypeParameterHidesVisibleType" enabled="false" level="WARNING" enabled_by_default="false" />
  <inspection_tool class="TypeParameterShadow" enabled="false" level="WARNING" enabled_by_default="false" />
  <inspection_tool class="UNCHECKED_WARNING" enabled="false" level="WARNING" enabled_by_default="false" />
  <inspection_tool class="UNUSED_IMPORT" enabled="false" level="WARNING" enabled_by_default="false" />
  <inspection_tool class="UndesirableClassUsage" enabled="false" level="WARNING" enabled_by_default="false" />
  <inspection_tool class="UnitInMap" enabled="false" level="WARNING" enabled_by_default="false" />
  <inspection_tool class="UnitMethodIsParameterless" enabled="false" level="WARNING" enabled_by_default="false" />
  <inspection_tool class="UnknownLanguage" enabled="false" level="ERROR" enabled_by_default="false" />
  <inspection_tool class="UnnecessaryBoxing" enabled="false" level="WARNING" enabled_by_default="false" />
  <inspection_tool class="UnnecessaryBreak" enabled="false" level="WARNING" enabled_by_default="false" />
  <inspection_tool class="UnnecessaryConditionalExpression" enabled="false" level="WARNING" enabled_by_default="false" />
  <inspection_tool class="UnnecessaryContinue" enabled="false" level="WARNING" enabled_by_default="false" />
  <inspection_tool class="UnnecessaryEnumModifier" enabled="false" level="WARNING" enabled_by_default="false" />
  <inspection_tool class="UnnecessaryInterfaceModifier" enabled="false" level="WARNING" enabled_by_default="false" />
  <inspection_tool class="UnnecessaryLabelOnBreakStatement" enabled="false" level="WARNING" enabled_by_default="false" />
  <inspection_tool class="UnnecessaryLabelOnContinueStatement" enabled="false" level="WARNING" enabled_by_default="false" />
  <inspection_tool class="UnnecessaryLocalVariable" enabled="false" level="WARNING" enabled_by_default="false">
    <option name="m_ignoreImmediatelyReturnedVariables" value="false" />
    <option name="m_ignoreAnnotatedVariables" value="false" />
  </inspection_tool>
  <inspection_tool class="UnnecessaryModuleDependencyInspection" enabled="false" level="WARNING" enabled_by_default="false" />
  <inspection_tool class="UnnecessaryQualifiedReference" enabled="false" level="WARNING" enabled_by_default="false" />
  <inspection_tool class="UnnecessaryReturn" enabled="false" level="WARNING" enabled_by_default="false" />
  <inspection_tool class="UnnecessarySemicolon" enabled="false" level="WARNING" enabled_by_default="false" />
  <inspection_tool class="UnnecessaryTemporaryOnConversionFromString" enabled="false" level="WARNING" enabled_by_default="false" />
  <inspection_tool class="UnnecessaryTemporaryOnConversionToString" enabled="false" level="WARNING" enabled_by_default="false" />
  <inspection_tool class="UnnecessaryUnboxing" enabled="false" level="WARNING" enabled_by_default="false" />
  <inspection_tool class="UnresolvedPropertyKey" enabled="false" level="ERROR" enabled_by_default="false" />
  <inspection_tool class="UnresolvedReference" enabled="false" level="ERROR" enabled_by_default="false" />
  <inspection_tool class="UnsafeReturnStatementVisitor" enabled="false" level="WARNING" enabled_by_default="false" />
  <inspection_tool class="UnsafeVfsRecursion" enabled="false" level="WARNING" enabled_by_default="false" />
  <inspection_tool class="UnusedAssignment" enabled="false" level="WARNING" enabled_by_default="false">
    <option name="REPORT_PREFIX_EXPRESSIONS" value="false" />
    <option name="REPORT_POSTFIX_EXPRESSIONS" value="true" />
    <option name="REPORT_REDUNDANT_INITIALIZER" value="true" />
  </inspection_tool>
  <inspection_tool class="UnusedLabel" enabled="false" level="WARNING" enabled_by_default="false" />
  <inspection_tool class="UnusedMessageFormatParameter" enabled="false" level="WARNING" enabled_by_default="false" />
  <inspection_tool class="UnusedParameters" enabled="false" level="WARNING" enabled_by_default="false" />
  <inspection_tool class="UnusedProperty" enabled="false" level="WARNING" enabled_by_default="false" />
  <inspection_tool class="UnusedReturnValue" enabled="false" level="WARNING" enabled_by_default="false" />
  <inspection_tool class="UseJBColor" enabled="false" level="WARNING" enabled_by_default="false" />
  <inspection_tool class="UseVirtualFileEquals" enabled="false" level="WARNING" enabled_by_default="false" />
  <inspection_tool class="VarCouldBeVal" enabled="false" level="WEAK WARNING" enabled_by_default="false" />
  <inspection_tool class="VariablePatternShadow" enabled="false" level="WARNING" enabled_by_default="false" />
  <inspection_tool class="WeakerAccess" enabled="false" level="WARNING" enabled_by_default="false">
    <option name="SUGGEST_PACKAGE_LOCAL_FOR_MEMBERS" value="true" />
    <option name="SUGGEST_PACKAGE_LOCAL_FOR_TOP_CLASSES" value="true" />
    <option name="SUGGEST_PRIVATE_FOR_INNERS" value="false" />
  </inspection_tool>
  <inspection_tool class="WhileCanBeForeach" enabled="false" level="WARNING" enabled_by_default="false" />
  <inspection_tool class="WrongPackageStatement" enabled="false" level="ERROR" enabled_by_default="false" />
  <inspection_tool class="WrongPropertyKeyValueDelimiter" enabled="false" level="WEAK WARNING" enabled_by_default="false" />
  <inspection_tool class="XmlDuplicatedId" enabled="false" level="ERROR" enabled_by_default="false" />
  <inspection_tool class="XmlHighlighting" enabled="false" level="ERROR" enabled_by_default="false" />
  <inspection_tool class="XmlInvalidId" enabled="false" level="ERROR" enabled_by_default="false" />
  <inspection_tool class="XmlPathReference" enabled="false" level="ERROR" enabled_by_default="false" />
  <inspection_tool class="XmlUnboundNsPrefix" enabled="false" level="WARNING" enabled_by_default="false" />
  <inspection_tool class="XmlUnusedNamespaceDeclaration" enabled="false" level="WARNING" enabled_by_default="false" />
  <inspection_tool class="XmlWrongRootElement" enabled="false" level="ERROR" enabled_by_default="false" />
  <inspection_tool class="XsltDeclarations" enabled="false" level="ERROR" enabled_by_default="false" />
  <inspection_tool class="XsltTemplateInvocation" enabled="false" level="ERROR" enabled_by_default="false" />
  <inspection_tool class="XsltUnusedDeclaration" enabled="false" level="WARNING" enabled_by_default="false" />
  <inspection_tool class="XsltVariableShadowing" enabled="false" level="WARNING" enabled_by_default="false" />
  <inspection_tool class="ZeroIndexToHead" enabled="false" level="WARNING" enabled_by_default="false" />
  <inspection_tool class="ZipWithIndex" enabled="false" level="WARNING" enabled_by_default="false" />
  <inspection_tool class="dependsOnMethodTestNG" enabled="false" level="WARNING" enabled_by_default="false" />
  <inspection_tool class="groupsTestNG" enabled="false" level="WARNING" enabled_by_default="false">
    <option name="groups">
      <value>
        <list size="0" />
      </value>
    </option>
  </inspection_tool>
  <inspection_tool class="unused" enabled="false" level="WARNING" enabled_by_default="false">
    <option name="LOCAL_VARIABLE" value="true" />
    <option name="FIELD" value="true" />
    <option name="METHOD" value="true" />
    <option name="CLASS" value="true" />
    <option name="PARAMETER" value="true" />
    <option name="REPORT_PARAMETER_FOR_PUBLIC_METHODS" value="true" />
    <option name="ADD_MAINS_TO_ENTRIES" value="true" />
    <option name="ADD_APPLET_TO_ENTRIES" value="true" />
    <option name="ADD_SERVLET_TO_ENTRIES" value="true" />
    <option name="ADD_NONJAVA_TO_ENTRIES" value="true" />
  </inspection_tool>
</profile>