<code_scheme name="4 Spaces">
  <option name="CLASS_COUNT_TO_USE_IMPORT_ON_DEMAND" value="20" />
  <option name="NAMES_COUNT_TO_USE_IMPORT_ON_DEMAND" value="20" />
  <option name="IMPORT_LAYOUT_TABLE">
    <value>
      <package name="" withSubpackages="true" static="false" />
      <emptyLine />
      <package name="" withSubpackages="true" static="true" />
    </value>
  </option>
  <ScalaCodeStyleSettings>
    <option name="classCountToUseImportOnDemand" value="20" />
    <option name="importLayout">
      <array>
        <option value="all other imports" />
      </array>
    </option>
  </ScalaCodeStyleSettings>
  <XML>
    <option name="XML_LEGACY_SETTINGS_IMPORTED" value="true" />
  </XML>
  <codeStyleSettings language="Scala">
    <option name="ALIGN_MULTILINE_PARAMETERS" value="false" />
    <indentOptions>
      <option name="INDENT_SIZE" value="4" />
      <option name="CONTINUATION_INDENT_SIZE" value="4" />
      <option name="TAB_SIZE" value="4" />
    </indentOptions>
  </codeStyleSettings>
</code_scheme>