<code_scheme name="Scala" version="173">
  <option name="CLASS_COUNT_TO_USE_IMPORT_ON_DEMAND" value="20" />
  <option name="NAMES_COUNT_TO_USE_IMPORT_ON_DEMAND" value="20" />
  <option name="IMPORT_LAYOUT_TABLE">
    <value>
      <package name="" withSubpackages="true" static="false" />
      <emptyLine />
      <package name="" withSubpackages="true" static="true" />
    </value>
  </option>
  <option name="SOFT_MARGINS" value="120" />
  <JavaCodeStyleSettings>
    <option name="CLASS_COUNT_TO_USE_IMPORT_ON_DEMAND" value="20" />
    <option name="NAMES_COUNT_TO_USE_IMPORT_ON_DEMAND" value="20" />
    <option name="IMPORT_LAYOUT_TABLE">
      <value>
        <package name="" withSubpackages="true" static="false" />
        <emptyLine />
        <package name="" withSubpackages="true" static="true" />
      </value>
    </option>
  </JavaCodeStyleSettings>
  <ScalaCodeStyleSettings>
    <option name="classCountToUseImportOnDemand" value="4" />
    <option name="importLayout">
      <array>
        <option value="all other imports" />
      </array>
    </option>
  </ScalaCodeStyleSettings>
  <XML>
    <option name="XML_LEGACY_SETTINGS_IMPORTED" value="true" />
  </XML>
  <codeStyleSettings language="Scala">
    <option name="ALIGN_MULTILINE_PARAMETERS" value="false" />
  </codeStyleSettings>
</code_scheme>